<!DOCTYPE mapper PUBLIC "-//mybatis.org//DTD Mapper 3.0//EN" "http://mybatis.org/dtd/mybatis-3-mapper.dtd">

<mapper namespace="pl.op.dao.AgreementInterface">

	<resultMap id="AgreementResultMap" type="pl.op.model.contract.Agreement">
		<id property="agreementId" column="agreementId" />
		<result property="dateFrom" column="dateFrom" />
		<result property="dateTo" column="dateTo" />
		<result property="active" column="active" />
		<result property="agreementNo" column="agreementNo" />
		<result property="power" column="power" />
		<result property="agreementType" column="agreementType" />
		<result property="durationType" column="durationType" />
		<association property="salesman" javaType="pl.op.model.salesman.Salesman">
			<id property="salesmanId" column="salesmanId" />
			<result property="salesmanName" column="salesmanName" />
		</association>
		<collection property="ppes" resultMap="pl.op.dao.PPEInterface.PPEResultMap" />
	</resultMap>


	<insert id="saveAgreement" parameterType="pl.op.model.contract.Agreement">
		<selectKey keyProperty="agreementId" resultType="integer"
			order="BEFORE">
			select nextval('agreement_id_seq')
		</selectKey>
		insert into
		tb_agreement
		(
		agreementId,
		dateFrom,
		dateTo,
		active,
		agreementNo,
		power,
		agreementType,
		salesmanId,
		userId,
		durationType
		) values (
		#{agreementId},
		#{dateFrom},
		#{dateTo},
		#{active},
		#{agreementNo},
		#{power},
		#{agreementType},
		#{salesman.salesmanId},
		#{userApp.userId},
		#{durationType}
		)
	</insert>

	<update id="updateAgreement" parameterType="pl.op.model.contract.Agreement">
		UPDATE tb_agreement SET
		dateFrom = #{dateFrom},
		dateTo = #{dateTo},
		active = #{active},
		agreementNo = #{agreementNo},
		power = #{power},
		agreementType = #{agreementType},
		salesmanId = #{salesman.salesmanId},
		durationType = #{durationType}
		WHERE agreementId = #{agreementId}
	</update>
	
	<insert id="saveAgreementPPE" parameterType="pl.op.model.contract.Agreement">
		insert into
		tb_agreementppe
		(
		ppeId,
		agreementId
		)values (
		#{ppeId},
		#{agreementId}
		)
	</insert>

	<select id="getLastAgreementByPpeId" parameterType="integer"
		resultMap="AgreementResultMap">
		SELECT a.*, sal.* 
		FROM tb_agreement a
		LEFT JOIN tb_agreementPPE appe
		ON a.agreementId = appe.agreementId
		LEFT JOIN tb_salesman sal
		ON sal.salesmanId = a.salesmanId
		WHERE appe.ppeId IN (#{id})
		ORDER BY
		appe.agreementId DESC LIMIT 1
	</select>
	
	<select id="getAgreements" parameterType="pl.op.model.contract.Agreement"
		resultMap="AgreementResultMap">
		SELECT a.*, p.*
		FROM tb_agreement a
		LEFT JOIN tb_agreementppe ap
		ON
		a.agreementId = ap.agreementId
		LEFT JOIN tb_ppe p
		ON p.ppeId = ap.ppeId
		WHERE 1=1
		<if test="salesman != null and salesman.salesmanId != null">
			and a.salesmanId = #{salesman.salesmanId}
		</if>
		<if test="dateTo != null and !''.equals(dateTo)">
			AND a.dateTo <![CDATA[ <= ]]>
			#{dateTo}
		</if>
		<if test="dateFrom != null and !''.equals(dateFrom)">
			AND a.dateFrom <![CDATA[ >= ]]>
			#{dateFrom}
		</if>
	</select>
</mapper>