<!DOCTYPE mapper PUBLIC "-//mybatis.org//DTD Mapper 3.0//EN" "http://mybatis.org/dtd/mybatis-3-mapper.dtd">

<mapper namespace="pl.op.dao.AreaInterface">

	<resultMap id="AreaResultMap" type="pl.op.model.dict.Area">
		<id property="areaId" column="areaId" />
		<result property="areaName" column="areaName" />
	</resultMap>

	<select id="getAreas" resultType="pl.op.model.dict.Area">
		SELECT *
		FROM tb_area
		ORDER BY areaName ASC
		<if test="areaName != null and !''.equals(areaName)">
			WHERE UPPER(areaName) like
			upper(CONCAT('%',#{areaName},'%'))
		</if>
	</select>
	
	<select id="getAreasByPage" resultType="pl.op.model.dict.Area">
		SELECT *
		FROM tb_area
		ORDER BY areaName ASC
		<if test="areaName != null and !''.equals(areaName)">
			WHERE UPPER(areaName) like
			upper(CONCAT('%',#{areaName},'%'))
		</if>
		LIMIT #{pageSize} OFFSET #{first}
	</select>

	<insert id="saveArea" parameterType="pl.op.model.dict.Area">
		<selectKey keyProperty="areaId" resultType="integer" order="BEFORE">
			select nextval('area_id_seq')
		</selectKey>
		insert into tb_area (
		areaId,
		areaName,
		areaSymbol
		)values (
		#{areaId},
		#{areaName},
		#{areaSymbol}
		)
	</insert>

	<update id="updateArea" parameterType="pl.op.model.dict.Area">
		UPDATE tb_area SET
		areaName = #{areaName}
		WHERE areaId = #{areaId}
	</update>

	<delete id="deleteArea" parameterType="pl.op.model.dict.Area">
		DELETE FROM tb_area
		WHERE
		areaId = #{areaId}
	</delete>

	<select id="getAreaById" parameterType="integer" resultType="pl.op.model.dict.Area">
		SELECT *
		FROM tb_area
		WHERE areaId = #{id}
	</select>

	<select id="getAreaByName" parameterType="string" resultType="pl.op.model.dict.Area">
		SELECT *
		FROM tb_area
		WHERE areaName = #{areaName}
	</select>
	
	<select id="getAreasByName" parameterType="string" resultType="pl.op.model.dict.Area">
		SELECT *
		FROM tb_area
		WHERE areaName ~* #{areaName}
	</select>

	<select id="getAreaBySymbol" parameterType="string" resultType="pl.op.model.dict.Area">
		SELECT *
		FROM tb_area
		WHERE areaSymbol = #{areaSymbol}
	</select>
	
	<select id="getAreaByCityId" parameterType="Integer" resultType="pl.op.model.dict.Area">
		SELECT a.*
		FROM tb_area a
		JOIN tb_city c
		ON c.areaId = a.areaId
		WHERE c.cityId = #{cityId}
	</select>

</mapper>	