<!DOCTYPE mapper PUBLIC "-//mybatis.org//DTD Mapper 3.0//EN" "http://mybatis.org/dtd/mybatis-3-mapper.dtd">

<mapper namespace="pl.op.dao.AuctionInterface">

	<resultMap id="AuctionResultMap" type="pl.op.model.auction.Auction">
		<id property="auctionId" column="auctionId" />
		<result property="beginContractDate" column="beginContractDate" />
		<result property="endContractDate" column="endContractDate" />
		<result property="finishDate" column="finishDate" />
		<result property="startDate" column="startDate" />
		<result property="status" column="status" />
		<result property="priceGuarantee" column="priceGuarantee" />
		<result property="proecological" column="proecological" />
		<result property="auctionSavings" column="auctionSavings" />
		<association property="cloud" resultMap="pl.op.dao.CloudInterface.CloudResultMap" />
		<collection property="auctionOffers" resultMap="AuctionOfferResultMap" />
		<collection property="auctionUsers" column="auctionId"
			javaType="ArrayList" ofType="pl.op.model.auction.AuctionUser">
			<id property="auctionUserId" column="auctionUserId" />
			<result property="joinedAt" column="joinedAt" />
		</collection>
	</resultMap>
	
	<resultMap id="AuctionOfferResultMap" type="pl.op.model.auction.AuctionOffer">
		<id property="auctionOfferId" column="o_auctionOfferId" />
		<result property="createdAt" column="o_createdAt" />
		<result property="updatedAt" column="o_updatedAt" />
		<result property="status" column="o_status" />
		<result property="isSalesmanVisible" column="o_isSalesmanVisible" />
		<association property="salesman" column="o_salesmanId" resultMap="pl.op.dao.SalesmanInterface.SalesmanResultMap" />
		<collection property="priceComponentValues" resultMap="PriceComponentValueResultMap" />
	</resultMap>
	
	<resultMap id="PriceComponentValueResultMap" type="pl.op.model.auction.PriceComponentValue">
		<id property="priceComponentValueId" column="pcv_priceComponentValueId" />
		<result property="value" column="pcv_value" />
		<association property="priceComponent" column="pcv_priceComponentId"
			javaType="pl.op.model.auction.PriceComponent">
			<id property="priceComponentId" column="pc_priceComponentId" />
			<result property="currency" column="pc_currency" />
			<result property="description" column="pc_description" />
			<result property="isConstant" column="pc_isConstant" />
			<result property="zoneType" column="pc_zoneType" />
			<result property="name" column="pc_name" />
		</association>
	</resultMap>
	
	<select id="getAuctionOffers" parameterType="pl.op.model.auction.Auction"
		resultMap="AuctionOfferResultMap">
		SELECT
			o.auctionOfferId as o_auctionOfferId,
			o.createdAt as o_createdAt,
			o.updatedAt as o_updatedAt,
			o.status as o_status,
			o.isSalesmanVisible as o_isSalesmanVisible,
			o.salesmanId as o_salesmanId,
			s.salesmanId as salesmanId,
			s.salesmanName salesmanName,
			s.nip as nip,
			s.removed as removed,
			s.email as email,
			s.licenseNumber as licenseNumber,
			s.createdAt as createdAt,
			s.greenEnergyPercent as greenEnergyPercent,
			s.businessType as businessType,
			s.rating as rating,
			pcv.priceComponentValueId as pcv_priceComponentValueId,
			pcv.value as pcv_value,	
			priceComponent.priceComponentId as pc_priceComponentId,
			priceComponent.currency as pc_currency,
			priceComponent.zonetype as pc_zoneType,
			priceComponent.removed as pc_removed,
			priceComponent.name as pc_name,
			priceComponent.isConstant as pc_isConstant,
			priceComponent.description as pc_description
		FROM tb_auctionoffer o LEFT JOIN tb_salesman s ON o.salesmanId=s.salesmanId
		LEFT JOIN tb_auction a ON o.auctionId = a.auctionId
		LEFT JOIN tb_pricecomponentvalue pcv ON pcv.auctionOfferId=o.auctionOfferId
		LEFT JOIN tb_pricecomponent priceComponent ON priceComponent.priceComponentId = pcv.priceComponentId
		WHERE o.auctionId = #{auctionId} ORDER BY o.createdAt DESC
	</select>
       
        
	<resultMap id="SearchAuctionResultMapFull" type="pl.op.model.auction.Auction" >
		<id property="auctionId" column="auctionId" />
		<result property="beginContractDate" column="a_beginContractDate" />
		<result property="endContractDate" column="a_endContractDate" />
		<result property="finishDate" column="a_finishDate" />
		<result property="startDate" column="a_startDate" />
		<result property="status" column="a_status" />
		<result property="priceGuarantee" column="a_priceGuarantee" />
		<result property="proecological" column="a_proecological" />
		<result property="auctionSavings" column="a_auctionSavings" />
		<association property="cloud" column="a_cloudId" javaType="pl.op.model.cloud.Cloud" >
			<id property="cloudId" column="cloud_cloudId" />
			<result property="name" column="cloud_name" />
			<result property="volume" column="cloud_volume" />
                        <result property="description" column="cloud_description" />
                        <result property="isCompany" column="cloud_iscompany" />
                        <result property="isManual" column="cloud_ismanual" />
			<association property="tariff" column="cloud_tariffId" javaType="pl.op.model.dict.Tariff">
				<id property="tariffId" column="tariff_tariffId" />
				<result property="tariffName" column="tariff_tariffName" />
				<result property="profileIndicatorName" column="profile_profileName" />
			</association>
			<collection property="users" column="cloud_cloudId" javaType="pl.op.model.user.UserApp">
				<id property="userId" column="cuser_userId" />
			</collection>                        
           
		</association>
		<collection property="auctionUsers"  ofType="pl.op.model.auction.AuctionUser" >
			<id property="auctionUserId"    column="auctionuserid"  />
			<result property="joinedAt"     column="auser_joinedAt" />
			<association property="userApp" javaType="pl.op.model.user.UserApp" column="userid" >
				<id property="userId" column="userid"  />
				<result property="login" column="login" />
				<result property="password" column="password" />
				<result property="userRole" column="userRole" />
				<result property="userType" column="userType" />
				<result property="agree" column="agree" />
                                <result property="companyName" column="companyname" />
				<result property="creationDate" column="creationDate" />
				<result property="firstName" column="firstName" />
				<result property="surname" column="surname" />
				<result property="phone" column="phone" />
				<result property="nip" column="nip" />
				<result property="regon" column="regon" />
                                <result property="pesel" column="pesel" />
				<result property="active" column="active" />
				<result property="removed" column="removed" />
				<result property="canBeDeleted" column="canBeDeleted" />
				<result property="firstLogin" column="firstLogin" />
				<result property="recommendation" column="recommendation" />
				<result property="activateKey" column="activateKey" />
				<result property="phoneActivated" column="phoneActivated" />
				<result property="birthDate" column="birthDate" />
				<result property="isCompany" column="isCompany" />
				<association property="sector"
					resultMap="pl.op.dao.StereotypeInterface.SectorResultMap" />
				<association property="salesman" column="salesmanId"
					javaType="pl.op.model.salesman.Salesman">
					<id property="salesmanId" column="salesmanId" />
					<result property="salesmanName" column="salesmanName" />
					<result property="nip" column="nip" />
					<result property="removed" column="removed" />
					<result property="regon" column="regon" />
					<result property="email" column="email" />
					<result property="krs" column="krs" />
					<result property="licenseNumber" column="licenseNumber" />
					<result property="greenEnergyPercent" column="greenEnergyPercent" />
				</association>
			</association>
                        <association property="ppe" javaType="pl.op.model.contract.PPE" column="ppeid" >
                            <id property="ppeId" column="ppeid" />
                            <result property="number" column="number" />
                            <result property="code" column="code" />
                            <result property="meterNo" column="meterNo" />
                            <result property="writeTime" column="writeTime" />
                            <result property="objectType" column="objectType" />
                            <result property="ppeStatus" column="ppeStatus" />
                            <result property="value" column="ppe_value" />
                            <result property="valueUnit" column="valueUnit" />
                            <result property="contractualPower" column="contractualPower" />
                            <association property="currentDistributor" column="distributorId"
                                    javaType="pl.op.model.dict.Distributor">
                                    <id property="distributorId" column="distributorId" />
                                    <result property="name" column="name" />
                            </association>
                            <association property="location" column="locationId"
                                    resultMap="pl.op.dao.LocationInterface.LocationResultMap" javaType="pl.op.model.contract.Location" />
                            <association property="meterModel" column="meterModelId"
                                    javaType="pl.op.model.dict.MeterModel">
                                    <id property="meterModelId" column="meterModelId" />
                                    <result property="model" column="model" />
                                    <result property="isIntelligent" column="isIntelligent" />
                            </association>
                        </association>
		</collection>
		<collection property="auctionOffers" ofType="pl.op.model.auction.AuctionOffer" column="auctionId">
			<id property="auctionOfferId" column="offer_auctionOfferId" />
			<result property="createdAt" column="offer_createdAt" />
			<result property="updatedAt" column="offer_updatedAt" />
			<result property="status" column="offer_status" />
			<result property="score" column="offer_score" />
			<result property="isSalesmanVisible" column="offer_isSalesmanVisible" />
			<association property="salesman" javaType="pl.op.model.salesman.Salesman" >
				<id property="salesmanId" column="salesmanId"/>
				<result property="salesmanName" column="salesmanName" />
				<result property="email" column="salesmanEmail" />
			</association>
			<collection property="priceComponentValues" ofType="pl.op.model.auction.PriceComponentValue" column="offer_auctionOfferId">
				<id property="priceComponentValueId" column="priceComponentValueId" />
				<result property="value" column="pcv_value" />
				<result property="sumValue" column="sumValue" />
				<association property="priceComponent" column="pcv_priceComponentId" javaType="pl.op.model.auction.PriceComponent">
					<id property="priceComponentId" column="pc_priceComponentId" />
					<result property="currency" column="pc_currency" />
					<result property="description" column="pc_description" />
					<result property="isConstant" column="pc_isConstant" />
					<result property="zoneType" column="pc_zoneType" />
					<result property="name" column="pc_name" />
					<result property="removed" column="pc_removed" />
				</association>
			</collection>
		</collection>
	</resultMap>        
	
	<resultMap id="SearchAuctionResultMap" type="pl.op.model.auction.Auction" >
		<id property="auctionId" column="auctionId" />
		<result property="beginContractDate" column="a_beginContractDate" />
		<result property="endContractDate" column="a_endContractDate" />
		<result property="finishDate" column="a_finishDate" />
		<result property="startDate" column="a_startDate" />
		<result property="status" column="a_status" />
		<result property="priceGuarantee" column="a_priceGuarantee" />
		<result property="proecological" column="a_proecological" />
		<result property="auctionSavings" column="a_auctionSavings" />
		<association property="cloud" column="a_cloudId" javaType="pl.op.model.cloud.Cloud" >
			<id property="cloudId" column="cloud_cloudId" />
			<result property="name" column="cloud_name" />
			<result property="volume" column="cloud_volume" />
                        <result property="description" column="cloud_description" />
                        <result property="isCompany" column="cloud_iscompany" />
                        <result property="isManual" column="cloud_ismanual" />
			<association property="tariff" column="cloud_tariffId" javaType="pl.op.model.dict.Tariff">
				<id property="tariffId" column="tariff_tariffId" />
				<result property="tariffName" column="tariff_tariffName" />
				<result property="profileIndicatorName" column="profile_profileName" />
			</association>
			<collection property="users" column="auserdetails_userid" javaType="pl.op.model.user.UserApp">
				<id property="userId" column="auserdetails_userid" />
			</collection>                        
           
		</association>
		<collection property="auctionUsers"  ofType="pl.op.model.auction.AuctionUser" >
			<id property="auctionUserId"    column="auser_auctionuserid"  />
			<result property="joinedAt"     column="auser_joinedAt" />
			<association property="userApp" javaType="pl.op.model.user.UserApp" column="auser_userid" >
				<id property="userId" column="auser_userid"  />
				<result property="login" column="login" />
				<result property="password" column="password" />
				<result property="userRole" column="userRole" />
				<result property="userType" column="userType" />
				<result property="agree" column="agree" />
                                <result property="companyName" column="companyname" />
				<result property="creationDate" column="creationDate" />
				<result property="firstName" column="firstName" />
				<result property="surname" column="surname" />
				<result property="phone" column="phone" />
				<result property="nip" column="nip" />
				<result property="regon" column="regon" />
                                <result property="pesel" column="pesel" />
				<result property="active" column="active" />
				<result property="removed" column="removed" />
				<result property="canBeDeleted" column="canBeDeleted" />
				<result property="firstLogin" column="firstLogin" />
				<result property="recommendation" column="recommendation" />
				<result property="activateKey" column="activateKey" />
				<result property="phoneActivated" column="phoneActivated" />
				<result property="birthDate" column="birthDate" />
				<result property="isCompany" column="isCompany" />
				<association property="sector"
					resultMap="pl.op.dao.StereotypeInterface.SectorResultMap" />
				<association property="salesman" column="salesmanId"
					javaType="pl.op.model.salesman.Salesman">
					<id property="salesmanId" column="salesmanId" />
					<result property="salesmanName" column="salesmanName" />
					<result property="nip" column="nip" />
					<result property="removed" column="removed" />
					<result property="regon" column="regon" />
					<result property="email" column="email" />
					<result property="krs" column="krs" />
					<result property="licenseNumber" column="licenseNumber" />
					<result property="greenEnergyPercent" column="greenEnergyPercent" />
				</association>
			</association>
                        <association property="ppe" javaType="pl.op.model.contract.PPE" column="auser_ppeid" >
                            <id property="ppeId" column="auser_ppeid" />
                            <result property="number" column="number" />
                            <result property="code" column="code" />
                            <result property="meterNo" column="meterNo" />
                            <result property="writeTime" column="writeTime" />
                            <result property="objectType" column="objectType" />
                            <result property="ppeStatus" column="ppeStatus" />
                            <result property="value" column="value" />
                            <result property="valueUnit" column="valueUnit" />
                            <result property="contractualPower" column="contractualPower" />
                            <association property="currentDistributor" column="distributorId"
                                    javaType="pl.op.model.dict.Distributor">
                                    <id property="distributorId" column="distributorId" />
                                    <result property="name" column="name" />
                            </association>
                            <association property="location" column="locationId"
                                    resultMap="pl.op.dao.LocationInterface.LocationResultMap" javaType="pl.op.model.contract.Location" />
                            <association property="meterModel" column="meterModelId"
                                    javaType="pl.op.model.dict.MeterModel">
                                    <id property="meterModelId" column="meterModelId" />
                                    <result property="model" column="model" />
                                    <result property="isIntelligent" column="isIntelligent" />
                            </association>
                        </association>
		</collection>
		<collection property="auctionOffers" ofType="pl.op.model.auction.AuctionOffer" column="auctionId">
			<id property="auctionOfferId" column="offer_auctionOfferId" />
			<result property="createdAt" column="offer_createdAt" />
			<result property="updatedAt" column="offer_updatedAt" />
			<result property="status" column="offer_status" />
			<result property="score" column="offer_score" />
			<result property="isSalesmanVisible" column="offer_isSalesmanVisible" />
			<association property="salesman" javaType="pl.op.model.salesman.Salesman" >
				<id property="salesmanId" column="salesmanId"/>
				<result property="salesmanName" column="salesmanName" />
				<result property="email" column="salesmanEmail" />
			</association>
			<collection property="priceComponentValues" ofType="pl.op.model.auction.PriceComponentValue" column="offer_auctionOfferId">
				<id property="priceComponentValueId" column="priceComponentValueId" />
				<result property="value" column="pcv_value" />
				<result property="sumValue" column="sumValue" />
				<association property="priceComponent" column="pcv_priceComponentId" javaType="pl.op.model.auction.PriceComponent">
					<id property="priceComponentId" column="pc_priceComponentId" />
					<result property="currency" column="pc_currency" />
					<result property="description" column="pc_description" />
					<result property="isConstant" column="pc_isConstant" />
					<result property="zoneType" column="pc_zoneType" />
					<result property="name" column="pc_name" />
					<result property="removed" column="pc_removed" />
				</association>
			</collection>
		</collection>
	</resultMap>
        
        	<select id="getAuctionsForUsers" parameterType="pl.op.model.auction.AuctionFilter"
		resultMap="SearchAuctionResultMap">
		SELECT DISTINCT a.auctionId,
			 a.beginContractDate as a_beginContractDate,
			 a.endContractDate as a_endContractDate,
			 a.finishDate as a_finishDate,
			 a.startDate as a_startDate,
			 a.status as a_status,
			 a.priceGuarantee as a_priceGuarantee,
			 a.proecological as a_proecological,
			 a.auctionSavings as a_auctionSavings,
			 a.cloudId as a_cloudId,
			 cloud.cloudId as cloud_cloudId,
			 cloud.volume as cloud_volume,
			 cloud.name as cloud_name,
			 cloud.tariffId as cloud_tariffId,
                         cloud.description as cloud_description,
                         cloud.iscompany as cloud_iscompany,
                         cloud.ismanual as cloud_ismanual,  
                         cloud.stereotypeid as cloud_stereotypeid,
			 tariff.tariffId as tariff_tariffId,
			 tariff.tariffName as tariff_tariffName,                       
			 profile.profileName as profile_profileName,
			 cuser.userId as cuser_userId,
			 offer.auctionOfferId as offer_auctionOfferId,
			 offer.createdAt as offer_createdAt,
			 offer.updatedAt as offer_updatedAt,
			 offer.status as offer_status,
			 offer.score as offer_score,
			 offer.isSalesmanVisible as offer_isSalesmanVisible,
			 priceComponentValue.priceComponentValueId as priceComponentValueId,
			 priceComponentValue.value as pcv_value, 
			 priceComponentValue.priceComponentId as pcv_priceComponentId,
			 priceComponent.priceComponentId as pc_priceComponentId,
			 priceComponent.currency as pc_currency,
			 priceComponent.zonetype as pc_zoneType,
			 priceComponent.removed as pc_removed,
			 priceComponent.name as pc_name,
			 priceComponent.isConstant as pc_isConstant,
			 priceComponent.description as pc_description,
			 salesman.salesmanId as salesmanId,
			 salesman.salesmanName as salesmanName,
			 salesman.email as salesmanEmail,
                         auser.auctionuserid as auser_auctionuserid,
                         auser.userid as auser_userid,
                         auser.ppeid as auser_ppeid,
                         auser.joinedAt as auser_joinedAt
		FROM tb_auction a
		LEFT JOIN tb_cloud cloud ON cloud.cloudId = a.cloudId
		LEFT JOIN tb_tariff tariff ON tariff.tariffId = cloud.tariffId
		LEFT JOIN tb_profileIndicator profile ON profile.tariffId = tariff.tariffId
		LEFT JOIN tb_cloudarea cloudarea ON cloudarea.cloudId = cloud.cloudId
		LEFT JOIN tb_cloudcity cloudcity ON cloudcity.cloudId = cloud.cloudId
		LEFT JOIN tb_cloudstreet cloudstreet ON cloudstreet.cloudId = cloud.cloudId
		LEFT JOIN tb_usercloud cuser ON cuser.cloudId = cloud.cloudId
		LEFT JOIN tb_auctionoffer offer ON offer.auctionId = a.auctionId
		LEFT JOIN tb_salesman salesman ON salesman.salesmanId = offer.salesmanId
		LEFT JOIN tb_auctionuser auser ON auser.auctionId = a.auctionId
		LEFT JOIN tb_userapp auserdetails ON auserdetails.userId = auser.userId
		LEFT JOIN tb_pricecomponentvalue priceComponentValue ON priceComponentValue.auctionOfferId = offer.auctionOfferId
		LEFT JOIN tb_pricecomponent priceComponent ON priceComponent.priceComponentId = priceComponentValue.priceComponentId 
		WHERE a.auctionId > 0 
		<!-- START - lokalizacja -->
		<if test="!auction.cloud.areas.isEmpty() or !auction.cloud.cities.isEmpty() or !auction.cloud.streets.isEmpty()">
			AND (
				<if test="auction.cloud.areas.size() > 0"> cloudarea.areaId IN
					<foreach item="area" index="index" collection="auction.cloud.areas"
						open="(" separator="," close=")">
						#{area.areaId}
					</foreach>
				</if>
				<if test="auction.cloud.cities.size() > 0">
					<if test="auction.cloud.areas.size() > 0"> OR </if> cloudcity.cityId IN
					<foreach item="city" index="index" collection="auction.cloud.cities"
						open="(" separator="," close=")">
						#{city.cityId}
					</foreach>
				</if>
				<if test="auction.cloud.streets.size() > 0 ">
					<if test="auction.cloud.areas.size() > 0 or auction.cloud.cities.size() > 0"> OR </if> cloudstreet.streetId IN
					<foreach item="street" index="index" collection="auction.cloud.streets"
						open="(" separator="," close=")">
						#{street.streetId}
					</foreach>
				</if>
			)
		</if>
		
		<!-- II opcja przekazania parametrow -->
		<if test="auction.cloud.areas.isEmpty() and auction.cloud.cities.isEmpty() and auction.cloud.streets.isEmpty()">
			<if test="area != null and area.areaId != null">
				AND cloudarea.areaId = #{area.areaId}
			</if>
			<if test="city != null and city.cityId != null">
				AND cloudcity.cityId = #{city.cityId}
			</if>
			<if test="streetName != null and !''.equals(streetName)">
				AND cloudstreet.streetName LIKE #{streetName}
			</if>
		</if>
		<!-- END - lokalizacja -->
		
		<!-- START - czas trwania aukcji -->
		<if test="(finishDate == null or ''.equals(finishDate)) and auction.finishDate != null and !''.equals(auction.finishDate)"> 
			AND a.finishDate <![CDATA[ <= ]]> #{auction.finishDate} </if>
		<if test="finishDate != null and !''.equals(finishDate)"> 
			AND a.finishDate <![CDATA[ <= ]]> #{finishDate} </if>
		<if test="startDate != null and !''.equals(startDate)"> 
			AND a.startDate <![CDATA[ >= ]]> #{startDate} </if>
		<!-- END - czas trwania aukcji -->
		
		<!-- START - uzytkownicy dolaczeni do auckji -->
		<if test="auction.auctionUsers != null"><if test="auction.auctionUsers.size() > 0"> AND auser.userId IN
				<foreach item="auctionUser" index="index" collection="auction.auctionUsers"
					open="(" separator="," close=")">
					#{auctionUser.userApp.userId}
				</foreach>
		</if></if>
		<!-- END - uzytkownicy dolaczeni do aukcji -->
		
		<!-- START - uzytkownicy dolaczeni do chmur pasujących do lokalizacji -->
		<if test="auction.cloud.users != null"><if test="auction.cloud.users.size() > 0"> AND cuser.userId IN
				<foreach item="user" index="index" collection="auction.cloud.users"
					open="(" separator="," close=")">
					#{user.userId}
				</foreach>
		</if></if>
		<!-- END - uzytkownicy dolaczeni do chmur pasujących do lokalizacji -->
		
		<!-- START - czas trwania umowy -->
		<if test="agreementDurationMonth != null and !''.equals(agreementDurationMonth)">
			AND (((DATE_PART('year', a.endcontractdate) - DATE_PART('year', a.begincontractdate)) * 12 )  + (DATE_PART('month', a.endcontractdate) - DATE_PART('month', a.begincontractdate)))
			<if test="agreementDurationType.equals('less')"> <![CDATA[ < ]]> </if>
			<if test="agreementDurationType.equals('const')"> <![CDATA[ = ]]> </if>
			<if test="agreementDurationType.equals('more')"> <![CDATA[ > ]]> </if>
			#{agreementDurationValue}
		</if>
		<!-- END - czas trwania umowy -->
		
		<!-- AUCTION STATUS -->
		<if test="auction != null"> <if test="auction.status != null">AND a.status = #{auction.status}</if></if>
		<!-- TARYFA -->
		<if test="auction.cloud.tariff.tariffId != null and !''.equals(auction.cloud.tariff.tariffId)">AND cloud.tariffId = #{auction.cloud.tariff.tariffId}</if>
		<!-- SPRZEDAWCA -->
		<if test="salesman.salesmanId != null and !''.equals(salesman.salesmanId)">AND offer.salesmanId = #{salesman.salesmanId}</if>				
		<!-- CLOUD NAME -->
		<if test="auction.cloud.name != null and !''.equals(auction.cloud.name)">AND cloud.name = #{auction.cloud.name}</if>
		<!-- AUCTION OFFER -->
		<if test="offerId != null and !''.equals(offerId)">AND offer.offerId = #{offerId}</if>
		
		<!-- START - VOLUMEN -->
		<if test="volumeFrom != null and !''.equals(volumeFrom)"> 
			AND cloud.volume <![CDATA[ >= ]]> #{volumeFromInMWh} 
		</if>
		<if test="volumeTo != null and !''.equals(volumeTo)"> 
			AND cloud.volume <![CDATA[ <= ]]> #{volumeToInMWh}
			<if test="volumeFrom == null and !''.equals(volumeTo)">
				OR cloudvolume IS NULL
			</if> 
		</if>
		<!-- END - VOLUMEN -->
		
		<!-- userOrCompanyName -->
		<if test="userOrCompanyName != null and !''.equals(userOrCompanyName)" >
			<if test="seller == true">
				AND lower(salesman.salesmanName) LIKE lower(CONCAT(#{userOrCompanyName},'%'))
			</if>
			<if test="seller == false">
				AND lower(auserdetails.surname) LIKE lower(CONCAT(#{userOrCompanyName},'%'))
			</if>
		</if>
		ORDER BY a.auctionId ASC
	</select>
	
	<select id="getAuctions" parameterType="pl.op.model.auction.AuctionFilter"
		resultMap="SearchAuctionResultMap">
		SELECT DISTINCT a.auctionId,
			 a.beginContractDate as a_beginContractDate,
			 a.endContractDate as a_endContractDate,
			 a.finishDate as a_finishDate,
			 a.startDate as a_startDate,
			 a.status as a_status,
			 a.priceGuarantee as a_priceGuarantee,
			 a.proecological as a_proecological,
			 a.auctionSavings as a_auctionSavings,
			 a.cloudId as a_cloudId,
			 cloud.cloudId as cloud_cloudId,
			 cloud.volume as cloud_volume,
			 cloud.name as cloud_name,
			 cloud.tariffId as cloud_tariffId,
                         cloud.description as cloud_description,
                         cloud.iscompany as cloud_iscompany,
                         cloud.ismanual as cloud_ismanual,  
                         cloud.stereotypeid as cloud_stereotypeid,
			 tariff.tariffId as tariff_tariffId,
			 tariff.tariffName as tariff_tariffName,                       
			 profile.profileName as profile_profileName,
			 cuser.userId as cuser_userId,
			 offer.auctionOfferId as offer_auctionOfferId,
			 offer.createdAt as offer_createdAt,
			 offer.updatedAt as offer_updatedAt,
			 offer.status as offer_status,
			 offer.score as offer_score,
			 offer.isSalesmanVisible as offer_isSalesmanVisible,
			 priceComponentValue.priceComponentValueId as priceComponentValueId,
			 priceComponentValue.value as pcv_value, 
			 priceComponentValue.priceComponentId as pcv_priceComponentId,
			 priceComponent.priceComponentId as pc_priceComponentId,
			 priceComponent.currency as pc_currency,
			 priceComponent.zonetype as pc_zoneType,
			 priceComponent.removed as pc_removed,
			 priceComponent.name as pc_name,
			 priceComponent.isConstant as pc_isConstant,
			 priceComponent.description as pc_description,
			 salesman.salesmanId as salesmanId,
			 salesman.salesmanName as salesmanName,
			 salesman.email as salesmanEmail,
                         auser.auctionuserid as auser_auctionuserid,
                         auser.userid as auser_userid,
                         auser.ppeid as auser_ppeid,
                         auser.joinedAt as auser_joinedAt,
                         auserdetails.login as login,
                         auserdetails.userid 	 as auserdetails_userid
		FROM tb_auction a
		LEFT JOIN tb_cloud cloud ON cloud.cloudId = a.cloudId
		LEFT JOIN tb_tariff tariff ON tariff.tariffId = cloud.tariffId
		LEFT JOIN tb_profileIndicator profile ON profile.tariffId = tariff.tariffId
		LEFT JOIN tb_cloudarea cloudarea ON cloudarea.cloudId = cloud.cloudId
		LEFT JOIN tb_cloudcity cloudcity ON cloudcity.cloudId = cloud.cloudId
		LEFT JOIN tb_cloudstreet cloudstreet ON cloudstreet.cloudId = cloud.cloudId
		LEFT JOIN tb_usercloud cuser ON cuser.cloudId = cloud.cloudId
		LEFT JOIN tb_auctionoffer offer ON offer.auctionId = a.auctionId
		LEFT JOIN tb_salesman salesman ON salesman.salesmanId = offer.salesmanId
		LEFT JOIN tb_auctionuser auser ON auser.auctionId = a.auctionId
		LEFT JOIN tb_userapp auserdetails ON auserdetails.userId = auser.userId
		LEFT JOIN tb_pricecomponentvalue priceComponentValue ON priceComponentValue.auctionOfferId = offer.auctionOfferId
		LEFT JOIN tb_pricecomponent priceComponent ON priceComponent.priceComponentId = priceComponentValue.priceComponentId 
		WHERE a.auctionId > 0 
		<!-- START - lokalizacja -->
		<if test="!auction.cloud.areas.isEmpty() or !auction.cloud.cities.isEmpty() or !auction.cloud.streets.isEmpty()">
			AND (
				<if test="auction.cloud.areas.size() > 0"> cloudarea.areaId IN
					<foreach item="area" index="index" collection="auction.cloud.areas"
						open="(" separator="," close=")">
						#{area.areaId}
					</foreach>
				</if>
				<if test="auction.cloud.cities.size() > 0">
					<if test="auction.cloud.areas.size() > 0"> OR </if> cloudcity.cityId IN
					<foreach item="city" index="index" collection="auction.cloud.cities"
						open="(" separator="," close=")">
						#{city.cityId}
					</foreach>
				</if>
				<if test="auction.cloud.streets.size() > 0 ">
					<if test="auction.cloud.areas.size() > 0 or auction.cloud.cities.size() > 0"> OR </if> cloudstreet.streetId IN
					<foreach item="street" index="index" collection="auction.cloud.streets"
						open="(" separator="," close=")">
						#{street.streetId}
					</foreach>
				</if>
			)
		</if>
		
		<!-- II opcja przekazania parametrow -->
		<if test="auction.cloud.areas.isEmpty() and auction.cloud.cities.isEmpty() and auction.cloud.streets.isEmpty()">
			<if test="area != null and area.areaId != null">
				AND cloudarea.areaId = #{area.areaId}
			</if>
			<if test="city != null and city.cityId != null">
				AND cloudcity.cityId = #{city.cityId}
			</if>
			<if test="streetName != null and !''.equals(streetName)">
				AND cloudstreet.streetName LIKE #{streetName}
			</if>
		</if>
		<!-- END - lokalizacja -->
		
		<!-- START - czas trwania aukcji -->
		<if test="(finishDate == null or ''.equals(finishDate)) and auction.finishDate != null and !''.equals(auction.finishDate)"> 
			AND a.finishDate <![CDATA[ <= ]]> #{auction.finishDate} </if>
		<if test="finishDate != null and !''.equals(finishDate)"> 
			AND a.finishDate <![CDATA[ <= ]]> #{finishDate} </if>
		<if test="startDate != null and !''.equals(startDate)"> 
			AND a.startDate <![CDATA[ >= ]]> #{startDate} </if>
		<!-- END - czas trwania aukcji -->
		
		<!-- START - uzytkownicy dolaczeni do auckji -->
		<if test="auction.auctionUsers != null"><if test="auction.auctionUsers.size() > 0"> AND auser.userId IN
				<foreach item="auctionUser" index="index" collection="auction.auctionUsers"
					open="(" separator="," close=")">
					#{auctionUser.userApp.userId}
				</foreach>
		</if></if>
		<!-- END - uzytkownicy dolaczeni do aukcji -->
		
		<!-- START - uzytkownicy dolaczeni do chmur pasujących do lokalizacji -->
		<if test="auction.cloud.users != null"><if test="auction.cloud.users.size() > 0"> AND cuser.userId IN
				<foreach item="user" index="index" collection="auction.cloud.users"
					open="(" separator="," close=")">
					#{user.userId}
				</foreach>
		</if></if>
		<!-- END - uzytkownicy dolaczeni do chmur pasujących do lokalizacji -->
		
		<!-- START - czas trwania umowy -->
		<if test="agreementDurationMonth != null and !''.equals(agreementDurationMonth)">
			AND (((DATE_PART('year', a.endcontractdate) - DATE_PART('year', a.begincontractdate)) * 12 )  + (DATE_PART('month', a.endcontractdate) - DATE_PART('month', a.begincontractdate)))
			<if test="agreementDurationType.equals('less')"> <![CDATA[ < ]]> </if>
			<if test="agreementDurationType.equals('const')"> <![CDATA[ = ]]> </if>
			<if test="agreementDurationType.equals('more')"> <![CDATA[ > ]]> </if>
			#{agreementDurationValue}
		</if>
		<!-- END - czas trwania umowy -->
		
		<!-- AUCTION STATUS -->
		<if test="auction != null"> <if test="auction.status != null">AND a.status = #{auction.status}</if></if>
		<!-- TARYFA -->
		<if test="auction.cloud.tariff.tariffId != null and !''.equals(auction.cloud.tariff.tariffId)">AND cloud.tariffId = #{auction.cloud.tariff.tariffId}</if>
		<!-- SPRZEDAWCA -->
		<if test="salesman.salesmanId != null and !''.equals(salesman.salesmanId)">AND offer.salesmanId = #{salesman.salesmanId}</if>
		<!-- STERETORYP -->
		<if test="auction.cloud.stereotype.stereotypeId != null and !''.equals(auction.cloud.stereotype.stereotypeId)">AND cloud.stereotypeId = #{auction.cloud.stereotype.stereotypeId}</if>
		<!-- CLOUD NAME -->
		<if test="auction.cloud.name != null and !''.equals(auction.cloud.name)">AND cloud.name = #{auction.cloud.name}</if>
		<!-- AUCTION OFFER -->
		<if test="offerId != null and !''.equals(offerId)">AND offer.offerId = #{offerId}</if>
		
		<!-- START - VOLUMEN -->
		<if test="volumeFrom != null and !''.equals(volumeFrom)"> 
			AND cloud.volume <![CDATA[ >= ]]> #{volumeFromInMWh} 
		</if>
		<if test="volumeTo != null and !''.equals(volumeTo)"> 
			AND cloud.volume <![CDATA[ <= ]]> #{volumeToInMWh}
			<if test="volumeFrom == null and !''.equals(volumeTo)">
				OR cloudvolume IS NULL
			</if> 
		</if>
		<!-- END - VOLUMEN -->
		
		<!-- userOrCompanyName -->
		<if test="userOrCompanyName != null and !''.equals(userOrCompanyName)" >
			<if test="seller == true">
				AND lower(salesman.salesmanName) LIKE lower(CONCAT(#{userOrCompanyName},'%'))
			</if>
			<if test="seller == false">
				AND lower(auserdetails.surname) LIKE lower(CONCAT(#{userOrCompanyName},'%'))
			</if>
		</if>
		ORDER BY a.auctionId ASC
	</select>
        
        	<select id="getAuctionsFull" parameterType="pl.op.model.auction.AuctionFilter"
		resultMap="SearchAuctionResultMapFull">
		SELECT DISTINCT a.auctionId,
			 a.beginContractDate as a_beginContractDate,
			 a.endContractDate as a_endContractDate,
			 a.finishDate as a_finishDate,
			 a.startDate as a_startDate,
			 a.status as a_status,
			 a.priceGuarantee as a_priceGuarantee,
			 a.proecological as a_proecological,
			 a.auctionSavings as a_auctionSavings,
			 a.cloudId as a_cloudId,
			 cloud.cloudId as cloud_cloudId,
			 cloud.volume as cloud_volume,
			 cloud.name as cloud_name,
			 cloud.tariffId as cloud_tariffId,
                         cloud.description as cloud_description,
                         cloud.iscompany as cloud_iscompany,
                         cloud.ismanual as cloud_ismanual,  
                         cloud.stereotypeid as cloud_stereotypeid,
			 tariff.tariffId as tariff_tariffId,
			 tariff.tariffName as tariff_tariffName,                       
			 profile.profileName as profile_profileName,
			 cuser.userId as cuser_userId,
			 offer.auctionOfferId as offer_auctionOfferId,
			 offer.createdAt as offer_createdAt,
			 offer.updatedAt as offer_updatedAt,
			 offer.status as offer_status,
			 offer.score as offer_score,
			 offer.isSalesmanVisible as offer_isSalesmanVisible,
			 priceComponentValue.priceComponentValueId as priceComponentValueId,
			 priceComponentValue.value as pcv_value, 
			 priceComponentValue.priceComponentId as pcv_priceComponentId,
			 priceComponent.priceComponentId as pc_priceComponentId,
			 priceComponent.currency as pc_currency,
			 priceComponent.zonetype as pc_zoneType,
			 priceComponent.removed as pc_removed,
			 priceComponent.name as pc_name,
			 priceComponent.isConstant as pc_isConstant,
			 priceComponent.description as pc_description,
			 salesman.salesmanId as salesmanId,
			 salesman.salesmanName as salesmanName,
			 salesman.email as salesmanEmail,
                         auser.auctionuserid as auctionuserid,
                         auser.userid as userid,
                         auser.ppeid as auser_ppeid,
                         auser.joinedAt as auser_joinedAt,
                         
                         auserdetails.*,
                         ppe.ppeid as ppeid,
                         ppe.value as ppe_value
		FROM tb_auction a
		LEFT JOIN tb_cloud cloud ON cloud.cloudId = a.cloudId
		LEFT JOIN tb_tariff tariff ON tariff.tariffId = cloud.tariffId
		LEFT JOIN tb_profileIndicator profile ON profile.tariffId = tariff.tariffId
		LEFT JOIN tb_cloudarea cloudarea ON cloudarea.cloudId = cloud.cloudId
		LEFT JOIN tb_cloudcity cloudcity ON cloudcity.cloudId = cloud.cloudId
		LEFT JOIN tb_cloudstreet cloudstreet ON cloudstreet.cloudId = cloud.cloudId
		LEFT JOIN tb_usercloud cuser ON cuser.cloudId = cloud.cloudId
		LEFT JOIN tb_auctionoffer offer ON offer.auctionId = a.auctionId
		LEFT JOIN tb_salesman salesman ON salesman.salesmanId = offer.salesmanId
		LEFT JOIN tb_auctionuser auser ON auser.auctionId = a.auctionId
		LEFT JOIN tb_userapp auserdetails ON auserdetails.userId = auser.userId
                LEFT JOIN tb_location l ON l.userid=auserdetails.userid 
                LEFT JOIN tb_ppe ppe ON auser.ppeid=ppe.ppeid
		LEFT JOIN tb_pricecomponentvalue priceComponentValue ON priceComponentValue.auctionOfferId = offer.auctionOfferId
		LEFT JOIN tb_pricecomponent priceComponent ON priceComponent.priceComponentId = priceComponentValue.priceComponentId 
             
		WHERE a.auctionId > 0 
                    
		<!-- START - lokalizacja -->
		<if test="!auction.cloud.areas.isEmpty() or !auction.cloud.cities.isEmpty() or !auction.cloud.streets.isEmpty()">
			AND (
				<if test="auction.cloud.areas.size() > 0"> cloudarea.areaId IN
					<foreach item="area" index="index" collection="auction.cloud.areas"
						open="(" separator="," close=")">
						#{area.areaId}
					</foreach>
				</if>
				<if test="auction.cloud.cities.size() > 0">
					<if test="auction.cloud.areas.size() > 0"> OR </if> cloudcity.cityId IN
					<foreach item="city" index="index" collection="auction.cloud.cities"
						open="(" separator="," close=")">
						#{city.cityId}
					</foreach>
				</if>
				<if test="auction.cloud.streets.size() > 0 ">
					<if test="auction.cloud.areas.size() > 0 or auction.cloud.cities.size() > 0"> OR </if> cloudstreet.streetId IN
					<foreach item="street" index="index" collection="auction.cloud.streets"
						open="(" separator="," close=")">
						#{street.streetId}
					</foreach>
				</if>
			)
		</if>
		
		<!-- II opcja przekazania parametrow -->
		<if test="auction.cloud.areas.isEmpty() and auction.cloud.cities.isEmpty() and auction.cloud.streets.isEmpty()">
			<if test="area != null and area.areaId != null">
				AND cloudarea.areaId = #{area.areaId}
			</if>
			<if test="city != null and city.cityId != null">
				AND cloudcity.cityId = #{city.cityId}
			</if>
			<if test="streetName != null and !''.equals(streetName)">
				AND cloudstreet.streetName LIKE #{streetName}
			</if>
		</if>
		<!-- END - lokalizacja -->
		
		<!-- START - czas trwania aukcji -->
		<if test="(finishDate == null or ''.equals(finishDate)) and auction.finishDate != null and !''.equals(auction.finishDate)"> 
			AND a.finishDate <![CDATA[ <= ]]> #{auction.finishDate} </if>
		<if test="finishDate != null and !''.equals(finishDate)"> 
			AND a.finishDate <![CDATA[ <= ]]> #{finishDate} </if>
		<if test="startDate != null and !''.equals(startDate)"> 
			AND a.startDate <![CDATA[ >= ]]> #{startDate} </if>
		<!-- END - czas trwania aukcji -->
		
		<!-- START - uzytkownicy dolaczeni do auckji -->
		<if test="auction.auctionUsers != null"><if test="auction.auctionUsers.size() > 0"> AND auser.userId IN
				<foreach item="auctionUser" index="index" collection="auction.auctionUsers"
					open="(" separator="," close=")">
					#{auctionUser.userApp.userId}
				</foreach>
		</if></if>
		<!-- END - uzytkownicy dolaczeni do aukcji -->
		
		<!-- START - uzytkownicy dolaczeni do chmur pasujących do lokalizacji -->
		<if test="auction.cloud.users != null"><if test="auction.cloud.users.size() > 0"> AND cuser.userId IN
				<foreach item="user" index="index" collection="auction.cloud.users"
					open="(" separator="," close=")">
					#{user.userId}
				</foreach>
		</if></if>
		<!-- END - uzytkownicy dolaczeni do chmur pasujących do lokalizacji -->
		
		<!-- START - czas trwania umowy -->
		<if test="agreementDurationMonth != null and !''.equals(agreementDurationMonth)">
			AND (((DATE_PART('year', a.endcontractdate) - DATE_PART('year', a.begincontractdate)) * 12 )  + (DATE_PART('month', a.endcontractdate) - DATE_PART('month', a.begincontractdate)))
			<if test="agreementDurationType.equals('less')"> <![CDATA[ < ]]> </if>
			<if test="agreementDurationType.equals('const')"> <![CDATA[ = ]]> </if>
			<if test="agreementDurationType.equals('more')"> <![CDATA[ > ]]> </if>
			#{agreementDurationValue}
		</if>
		<!-- END - czas trwania umowy -->
		
		<!-- AUCTION STATUS -->
		<if test="auction != null"> <if test="auction.status != null">AND a.status = #{auction.status}</if></if>
		<!-- TARYFA -->
		<if test="auction.cloud.tariff.tariffId != null and !''.equals(auction.cloud.tariff.tariffId)">AND cloud.tariffId = #{auction.cloud.tariff.tariffId}</if>
		<!-- SPRZEDAWCA -->
		<if test="salesman.salesmanId != null and !''.equals(salesman.salesmanId)">AND offer.salesmanId = #{salesman.salesmanId}</if>
		<!-- STERETORYP -->
		<if test="auction.cloud.stereotype.stereotypeId != null and !''.equals(auction.cloud.stereotype.stereotypeId)">AND cloud.stereotypeId = #{auction.cloud.stereotype.stereotypeId}</if>
		<!-- CLOUD NAME -->
		<if test="auction.cloud.name != null and !''.equals(auction.cloud.name)">AND cloud.name = #{auction.cloud.name}</if>
		<!-- AUCTION OFFER -->
		<if test="offerId != null and !''.equals(offerId)">AND offer.offerId = #{offerId}</if>
		
		<!-- START - VOLUMEN -->
		<if test="volumeFrom != null and !''.equals(volumeFrom)"> 
			AND cloud.volume <![CDATA[ >= ]]> #{volumeFromInMWh} 
		</if>
		<if test="volumeTo != null and !''.equals(volumeTo)"> 
			AND cloud.volume <![CDATA[ <= ]]> #{volumeToInMWh}
			<if test="volumeFrom == null and !''.equals(volumeTo)">
				OR cloudvolume IS NULL
			</if> 
		</if>
		<!-- END - VOLUMEN -->
		
		<!-- userOrCompanyName -->
		<if test="userOrCompanyName != null and !''.equals(userOrCompanyName)" >
			<if test="seller == true">
				AND lower(salesman.salesmanName) LIKE lower(CONCAT(#{userOrCompanyName},'%'))
			</if>
			<if test="seller == false">
				AND lower(auserdetails.surname) LIKE lower(CONCAT(#{userOrCompanyName},'%'))
			</if>
		</if>
		ORDER BY a.auctionId ASC
	</select>
	
	<select id="getAuctionAndOffers" parameterType="Integer" resultMap="SearchAuctionResultMap">
		SELECT DISTINCT a.auctionId,
			a.beginContractDate as a_beginContractDate,
			a.endContractDate as a_endContractDate,
			a.finishDate as a_finishDate,
			a.startDate as a_startDate,
			a.status as a_status,
			a.priceGuarantee as a_priceGuarantee,
			a.proecological as a_proecological,
			a.auctionSavings as a_auctionSavings,
			a.cloudId as a_cloudId,
			cloud.cloudId as cloud_cloudId,
			cloud.volume as cloud_volume,
			offer.auctionOfferId as offer_auctionOfferId,
			offer.createdAt as offer_createdAt,
			offer.updatedAt as offer_updatedAt,
			offer.status as offer_status,
			offer.isSalesmanVisible as offer_isSalesmanVisible,
			offer.salesmanId as offer_salesmanId,
			s.salesmanId as salesmanId,
			s.salesmanName salesmanName,
			s.nip as nip,
			s.removed as removed,
			s.email as email,
			s.licenseNumber as licenseNumber,
			s.createdAt as createdAt,
			s.greenEnergyPercent as greenEnergyPercent,
			s.businessType as businessType,
			s.rating as rating,
			pcv.priceComponentValueId as pcv_priceComponentValueId,
			pcv.value as pcv_value,	
			priceComponent.priceComponentId as pc_priceComponentId,
			priceComponent.currency as pc_currency,
			priceComponent.zonetype as pc_zoneType,
			priceComponent.removed as pc_removed,
			priceComponent.name as pc_name,
			priceComponent.isConstant as pc_isConstant,
			priceComponent.description as pc_description
		FROM tb_auction a
		LEFT JOIN tb_cloud cloud ON cloud.cloudId = a.cloudId
		LEFT JOIN tb_auctionoffer offer ON offer.auctionId = a.auctionId
		LEFT JOIN tb_salesman s ON offer.salesmanId=s.salesmanId
		LEFT JOIN tb_pricecomponentvalue pcv ON pcv.auctionOfferId=offer.auctionOfferId
		LEFT JOIN tb_pricecomponent priceComponent ON priceComponent.priceComponentId = pcv.priceComponentId
		WHERE a.auctionId = #{auctionId}
		ORDER BY offer.auctionOfferId ASC
	</select>

	<select id="getJoinedAuctionByPpe" parameterType="pl.op.model.contract.PPE" resultMap="SearchAuctionResultMap">
		SELECT a.auctionId,
			 a.beginContractDate as a_beginContractDate,
			 a.endContractDate as a_endContractDate,
			 a.finishDate as a_finishDate,
			 a.startDate as a_startDate,
			 a.status as a_status,
			 a.priceGuarantee as a_priceGuarantee,
			 a.proecological as a_proecological,
			 a.auctionSavings as a_auctionSavings,
			 a.cloudId as a_cloudId,
			 cloud.cloudId as cloud_cloudId,
			 cloud.volume as cloud_volume,
			 offer.auctionOfferId as offer_auctionOfferId,
			 offer.createdAt as offer_createdAt,
			 offer.updatedAt as offer_updatedAt,
			 offer.status as offer_status,
			 offer.isSalesmanVisible as offer_isSalesmanVisible,
			 offer.score as offer_score,
			 priceComponentValue.priceComponentValueId as priceComponentValueId,
			 priceComponentValue.value as pcv_value, 
			 priceComponentValue.priceComponentId as pcv_priceComponentId,
			 priceComponent.priceComponentId as pc_priceComponentId,
			 priceComponent.currency as pc_currency,
			 priceComponent.zonetype as pc_zoneType,
			 priceComponent.removed as pc_removed,
			 priceComponent.name as pc_name,
			 priceComponent.isConstant as pc_isConstant,
			 priceComponent.description as pc_description,
			 salesman.salesmanId as salesmanId,
			 salesman.salesmanName as salesmanName,
			 salesman.email as salesmanEmail
		FROM tb_auction a
		LEFT JOIN tb_cloud cloud ON cloud.cloudId = a.cloudId
		LEFT JOIN tb_auctionUser au ON au.auctionId = a.auctionId
		LEFT JOIN tb_auctionoffer offer ON offer.auctionId = a.auctionId
		LEFT JOIN tb_salesman salesman ON salesman.salesmanId = offer.salesmanId
		LEFT JOIN tb_pricecomponentvalue priceComponentValue ON priceComponentValue.auctionOfferId = offer.auctionOfferId
		LEFT JOIN tb_pricecomponent priceComponent ON priceComponent.priceComponentId = priceComponentValue.priceComponentId 
		WHERE a.status = 'INPROGRESS'
		AND au.ppeId = #{ppeId}
		ORDER BY a.auctionId, offer.auctionOfferId DESC
	</select>
	
	<insert id="saveAuction" parameterType="pl.op.model.auction.Auction">
		<selectKey keyProperty="auctionId" resultType="integer"
			order="BEFORE">
			select nextval('auction_id_seq')
		</selectKey>
		insert into tb_auction (
		auctionId,
		beginContractDate,
		endContractDate,
		finishDate,
		startDate,
		status,
		cloudId,
		priceGuarantee,
		proecological
		)values (
		#{auctionId},
		#{beginContractDate},
		#{endContractDate},
		#{finishDate},
		#{startDate},
		#{status},
		#{cloud.cloudId},
		#{priceGuarantee},
		#{proecological}
		)
	</insert>

	<select id="getAuction" parameterType="pl.op.model.auction.Auction"
		resultType="pl.op.model.auction.Auction">
		SELECT a.*
		FROM tb_auction a
		WHERE 1=1
		<if test="auctionId != null">
			AND a.auctionId = #{auctionId}
		</if>
	</select>
	
	<select id="getAuctionCount" parameterType="pl.op.model.auction.AuctionFilter"
		resultType="java.lang.Integer">
		SELECT COUNT(*)
		FROM tb_auction a
		<if test="auction != null">
			<if test="auction.status != null">
				 WHERE a.status = #{auction.status}
			</if>	
		</if>
	</select>
	
	<select id="getFinishedAuctions" resultType="pl.op.model.auction.Auction">
		SELECT * FROM tb_auction 
		WHERE status = 'FINISHED' 
		AND auctionSavings IS NULL 
		ORDER BY auctionId ASC
	</select>
	
	<select id="getOldestOffer" parameterType="integer"
		resultType="pl.op.model.auction.AuctionOffer">
		SELECT o.*,a.*,s.* FROM tb_auctionoffer o
		LEFT JOIN tb_auction a ON a.auctionId = o.auctionId
		LEFT JOIN tb_salesman s ON s.salesmanId = o.salesmanId
		WHERE o.auctionId = #{auctionId} ORDER BY o.createdAt ASC LIMIT 1
	</select>
	
	<select id="getWinningOffer" parameterType="integer"
		resultType="pl.op.model.auction.AuctionOffer">
		SELECT o.*,a.*,s.* FROM tb_auctionoffer o
		LEFT JOIN tb_auction a ON a.auctionId = o.auctionId
		LEFT JOIN tb_salesman s ON s.salesmanId = o.salesmanId
		WHERE o.auctionId = #{auctionId} ORDER BY o.createdAt DESC LIMIT 1
	</select>
	
	<select id="getSalesmanByOffer" parameterType="integer"
		resultType="integer">
		SELECT salesmanId FROM tb_auctionoffer
		WHERE auctionOfferId = #{auctionOfferId}
	</select>
	
	<select id="getSavings" parameterType="integer"
		resultType="double">
		SELECT sum(value) as savings 
		FROM tb_pricecomponentvalue 
		WHERE auctionOfferId = #{auctionOfferId}
	</select>
	
	<select id="getConstPriceComponentValue" parameterType="integer"
		resultType="double">
		SELECT pcv.value FROM tb_pricecomponentvalue pcv 
		LEFT JOIN tb_pricecomponent pc ON pcv.pricecomponentid = pc.pricecomponentid 
		WHERE pcv.auctionOfferId = #{auctionOfferId} AND pc.isConstant IS TRUE
	</select>
	
	<select id="getBestAuctionOfferScore" parameterType="pl.op.model.auction.Auction"
		resultType="double">
		SELECT MAX(score) as bestscore 
		FROM tb_auctionoffer 
		WHERE auctionId = #{auctionId}
	</select>

	<select id="getOfferPriceComponentValues" parameterType="pl.op.model.auction.Auction"
		resultMap="PriceComponentValueResultMap">
		SELECT
			pcv.priceComponentValueId as pcv_priceComponentValueId,
			pcv.value as pcv_value,
			pcv.priceComponentId as pcv_priceComponentId,
			pc.priceComponentId as pc_priceComponentId,
			pc.currency as pc_currency,
			pc.description as pc_description,
			pc.isConstant as pc_isConstant,
			pc.zoneType as pc_zoneType,
			pc.name as pc_name,
			ao.auctionOfferId as auctionOfferId
		FROM tb_pricecomponent pc
		LEFT JOIN tb_pricecomponentvalue pcv ON pcv.priceComponentId = pc.priceComponentId
		LEFT JOIN tb_auctionOffer ao ON ao.auctionOfferId = pcv.auctionOfferId
		LEFT JOIN tb_auction a ON a.auctionId = ao.auctionId
		WHERE a.auctionId = #{auctionId}
		AND ao.status NOT LIKE 'SUSPENDED'
		AND ao.createdAt = (SELECT MAX(createdAt) FROM tb_auctionOffer WHERE auctionId = #{auctionId})
		ORDER BY pc.priceComponentId
	</select>
	
	<update id="updateAuction" parameterType="pl.op.model.auction.Auction">
		UPDATE tb_auction SET
		status = #{status},
		finishDate = #{finishDate},
		auctionSavings = #{auctionSavings}
		WHERE
		auctionId =
		#{auctionId}
	</update>

	<select id="getAuctionUsers" parameterType="pl.op.model.auction.Auction" resultType="pl.op.model.auction.AuctionUser">
		SELECT u.*
		FROM
		tb_auction a
		LEFT JOIN tb_auctionuser u
		ON u.auctionId =
		a.auctionId
		WHERE a.auctionId
		= #{auctionId}
	</select>
 
     
        
        
        <select id="getAuctionUsersSimple" parameterType="pl.op.model.auction.Auction" resultType="pl.op.model.auction.AuctionUser">
		SELECT * FROM
		tb_auctionuser 		
		WHERE auctionId
		= #{auctionId}
	</select>
        
        <select id="getAuctionFromPPE" parameterType="long" resultType="pl.op.model.auction.Auction">
		SELECT a.*
		FROM
		tb_auction a
		LEFT JOIN tb_auctionuser u ON u.auctionId = a.auctionId
		WHERE a.status= 'FINISHED' and u.ppeId = #{ppeId} ORDER BY a.finishdate DESC LIMIT 1
	</select>

	<select id="getAuctionUsersToDelete" parameterType="pl.op.model.auction.Auction"
		resultType="pl.op.model.user.UserApp">
		SELECT up.*
		FROM tb_userApp up
		LEFT JOIN tb_auctionuser u
		ON
		up.userId=u.userId
		LEFT JOIN tb_auction a
		ON
		a.auctionId=u.auctionId
		WHERE a.auctionId = #{auctionId} AND
		u.joinedat <![CDATA[ > ]]>
		(SELECT
		coalesce(MAX(updatedAt),to_date('1000-10-10',
		'1000-10-10'))
		FROM
		tb_auctionoffer
		where auctionId=#{auctionId}
		AND
		status='INPROGRESS')
	</select>

	<delete id="deleteUsersFromAuction" parameterType="pl.op.model.auction.Auction">
		DELETE FROM
		tb_auctionuser WHERE userId IN
		(SELECT u.userId
		FROM tb_auctionuser u
		LEFT
		JOIN tb_auction a
		ON a.auctionId=u.auctionId
		WHERE a.auctionId =
		#{auctionId} AND u.joinedat>
		(SELECT
		coalesce(MAX(updatedAt),to_date('1000-10-10', '1000-10-10'))
		FROM
		tb_auctionoffer
		where auctionId=#{auctionId}
		AND status='INPROGRESS'))
	</delete>

	<select id="getUserOffer" parameterType="pl.op.model.auction.AuctionUser"
		resultType="pl.op.model.auction.AuctionOffer">
		SELECT * FROM tb_auctionOffer WHERE updatedAt = (SELECT
		MAX(o.updatedAt)
		FROM tb_auctionuser u
		LEFT JOIN tb_auction a
		ON
		a.auctionId=u.auctionId
		LEFT JOIN tb_auctionoffer o
		ON o.auctionId =
		a.auctionId
		WHERE a.auctionId=#{auction.auctionId} AND u.userId =
		#{userApp.userId} AND u.joinedAt
		<![CDATA[ < ]]>
		o.updatedAt )
	</select>


	<select id="getPotentialUsers" parameterType="pl.op.model.auction.Auction"
		resultType="Integer">
		SELECT COUNT(DISTINCT p.ppeId)
		FROM tb_auction a
		LEFT JOIN tb_cloud c
		ON
		c.cloudId=a.cloudId
		LEFT JOIN tb_userCloud uc
		ON uc.cloudId= c.cloudId
		LEFT JOIN tb_userApp u
		ON u.userId = uc.userId
		LEFT JOIN tb_location l     ON l.userId = u.userId
            	LEFT JOIN tb_street st      ON st.streetid = l.streetid
		LEFT JOIN tb_city ct        ON ct.cityid = st.cityid
		LEFT JOIN tb_cloudarea ca   ON ca.cloudid = c.cloudId		
		LEFT JOIN tb_ppe p
		ON p.locationId = l.locationId
                LEFT JOIN tb_ppetariff pt
                ON pt.ppeid = p.ppeid
		LEFT JOIN (SELECT DISTINCT * FROM (SELECT ap.ppeId as ppeId, ag.dateTo
		as dateTo, ag.durationType as durationType FROM tb_agreementppe ap
		LEFT JOIN tb_agreement ag ON ap.agreementId=ag.agreementId ORDER BY
		ag.dateTo DESC) as pp ) as ap
		ON ap.ppeId = p.ppeId
		WHERE (ap.dateTo - interval '1 month' * (select  settingvalue from tb_settings where settingtype = 'nextAuctionMonthsThreshold') <![CDATA[ < ]]>  a.beginContractDate  OR ap.durationType='permanent') 
                AND pt.tariffid = c.tariffid 
                AND ca.areaid = ct.areaid
		AND u.removed = false
		AND p.removed = false
                AND a.auctionId = #{auctionId}
                
	</select>

	<select id="getAuctionSalesmans" parameterType="pl.op.model.auction.Auction"
		resultType="pl.op.model.salesman.Salesman">
		SELECT DISTINCT(s.*)
		FROM tb_auction a
		LEFT JOIN
		tb_auctionoffer o
		ON o.auctionId = a.auctionId
		LEFT JOIN tb_salesman s
		ON o.salesmanId = s.salesmanId
		WHERE a.auctionId = #{auctionId}
	</select>

	<select id="getAuctionsBySalesman" parameterType="pl.op.model.salesman.Salesman"
		resultMap="AuctionResultMap">
		SELECT a.*, c.*
		FROM tb_auction a
		LEFT JOIN tb_auctionoffer o
		ON
		o.auctionId = a.auctionId
		LEFT JOIN tb_cloud c
		ON c.cloudId =
		a.cloudId
		WHERE o.salesmanId = #{salesmanId}
	</select>

	<select id="getSalesmanAuctionUsers" parameterType="pl.op.model.salesman.Salesman"
		resultType="pl.op.model.user.UserApp">
		SELECT u.*
		FROM tb_userapp u
		LEFT JOIN tb_auctionuser au
		ON
		au.userId = u.userId
		LEFT JOIN tb_auction a
		ON a.auctionId =
		au.auctionId
		LEFT JOIN tb_auctionoffer o
		ON
		o.auctionId = a.auctionId
		LEFT JOIN tb_cloud c
		ON c.cloudId = a.cloudId
		WHERE o.salesmanId =
		#{salesmanId}
	</select>

	<select id="getPriceComponentValuesByConstant" parameterType="pl.op.model.auction.PriceComponentValue"
		resultType="double">
		SELECT sum(v.value)
		FROM tb_pricecomponentvalue v
		LEFT JOIN
		tb_pricecomponent p
		ON v.priceComponentId=p.priceComponentId
		WHERE
		v.auctionOfferId=#{auctionOffer.auctionOfferId} AND p.isConstant =
		#{priceComponent.isConstant}
	</select>

	<select id="getLastAuctionOffer" parameterType="pl.op.model.auction.AuctionOffer"
		resultMap="AuctionOfferResultMap">
		SELECT ao.*, s.*
		FROM tb_auctionOffer ao
		LEFT JOIN tb_salesman s
		ON
		s.salesmanId = ao.salesmanId
		WHERE 1=1
		<if test="auction != null and auction.auctionId != null">
			and ao.auctionId = #{auction.auctionId}
		</if>
		<if test="!''.equals(status)">
			AND ao.status LIKE #{status}
		</if>
		ORDER BY
		ao.createdAt DESC LIMIT 1
	</select>


	<update id="updateAuctionOffer" parameterType="pl.op.model.auction.AuctionOffer">
		UPDATE
		tb_auctionoffer
		SET
		status = #{status},
		score = #{score}
		WHERE
		auctionOfferId =
		#{auctionOfferId}
	</update>

	<select id="getAuctionOfferTariff" parameterType="pl.op.model.auction.AuctionOffer"
		resultMap="PriceComponentValueResultMap">
		SELECT v.*,p.*
		FROM tb_pricecomponentvalue v
		LEFT JOIN
		tb_pricecomponent p
		ON v.priceComponentId=p.priceComponentId
		LEFT JOIN
		tb_tariffpricecomponent tpc
		ON tpc.priceComponentId =
		p.priceComponentId
		WHERE
		v.auctionOfferId =
		#{auctionOfferId} AND
		tpc.tariffId = (SELECT
		c.tariffId
		FROM tb_cloud c
		WHERE c.cloudId =
		#{auction.cloud.cloudId})
	</select>

	<select id="getAuctionWithUserByPpe" parameterType="pl.op.model.contract.PPE"
		resultType="pl.op.model.auction.Auction">
		SELECT a.*
		FROM tb_auction a
		LEFT JOIN tb_auctionuser au
		ON
		au.auctionId = a.auctionId5
		WHERE a.status = "INPROGRESS"
	</select>

	<insert id="assignUserToAuction" parameterType="pl.op.model.auction.AuctionUser">
		<selectKey keyProperty="auctionUserId" resultType="integer"
			order="BEFORE">
			select nextval('auctionuser_id_seq')
		</selectKey>
		INSERT INTO tb_auctionuser (
		auctionUserId,
		joinedAt,
		userId,
		ppeId,
		auctionId
		)
		values (
		#{auctionUserId},
		#{joinedAt},
		#{userApp.userId},
		#{ppe.ppeId},
		#{auction.auctionId}
		)
	</insert>

	<select id="getPriceComponents" parameterType="pl.op.model.dict.Tariff"
		resultType="pl.op.model.auction.PriceComponent">
		SELECT c.*
		FROM
		tb_pricecomponent c
		JOIN
		tb_tariffpricecomponent tc
		ON tc.priceComponentId =
		c.priceComponentId
		WHERE tc.tariffId
		=
		#{tariffId}
		ORDER BY c.priceComponentId
	</select>


	<insert id="saveAuctionOffer" parameterType="pl.op.model.auction.AuctionOffer">
		<selectKey keyProperty="auctionOfferId" resultType="integer"
			order="BEFORE">
			select nextval('auctionoffer_id_seq')
		</selectKey>
		insert into tb_auctionoffer (
		auctionOfferId,
		status,
		score,
		createdAt,
		auctionId,
		salesmanId,
		isSalesmanVisible,
		updatedAt
		)values (
		#{auctionOfferId},
		#{status},
		#{score},
		#{createdAt},
		#{auction.auctionId},
		#{salesman.salesmanId},
		#{isSalesmanVisible},
		#{updatedAt}
		)
	</insert>

	<insert id="savePriceComponentValue" parameterType="pl.op.model.auction.AuctionOffer">
		<selectKey keyProperty="priceComponentValueId" resultType="integer"
			order="BEFORE">
			select nextval('pricecomponentvalue_id_seq')
		</selectKey>
		insert into tb_pricecomponentvalue (
		priceComponentValueId,
		value,
		auctionOfferId,
		priceComponentId
		)values (
		#{priceComponentValueId},
		#{value},
		#{auctionOffer.auctionOfferId},
		#{priceComponent.priceComponentId}
		)
	</insert>

	<update id="closeAuctions">
		UPDATE tb_auction
		SET status = 'FINISHED'
		WHERE now()
		>= finishDate AND status LIKE 'INPROGRESS'
	</update>
	
	<select id="getAuctionsInProgress" resultMap="AuctionResultMap">
	    SELECT a.auctionId,ao.*,s.salesmanId,s.email FROM tb_auction a
	    LEFT JOIN tb_auctionoffer ao ON a.auctionId = ao.auctionId
	    LEFT JOIN tb_salesman s ON ao.salesmanId = s.salesmanId
	    WHERE now()
        >= a.finishDate AND a.status LIKE 'INPROGRESS'
        ORDER BY ao.auctionOfferId DESC
    </select>

	<select id="getReadyUsers" parameterType="pl.op.model.auction.Auction"
		resultType="Integer">
		SELECT COUNT(DISTINCT(u.userId))
		FROM tb_cloud c
		LEFT JOIN
		tb_usercloud uc
		ON uc.cloudId = c.cloudId
		LEFT JOIN tb_userapp u
		ON
		uc.userId = u.userId
		LEFT JOIN tb_location l
		ON l.userId = u.userId
		LEFT
		JOIN tb_ppe p
		ON p.locationId = p.locationId
		WHERE p.ppestatus LIKE
		'READYTOJOIN' and c.cloudId = #{cloud.cloudId}
	</select>

	<select id="getJoinedUsers" parameterType="pl.op.model.auction.Auction"
		resultType="Integer">
		SELECT COUNT(DISTINCT(u.userId))
		FROM tb_auction ac
		LEFT JOIN
		tb_auctionuser ua
		ON ua.auctionId = ac.auctionId
		LEFT JOIN tb_userapp u
		ON ua.userId = u.userId
		LEFT JOIN tb_location l
		ON l.userId = u.userId
		LEFT JOIN tb_ppe p
		ON p.locationId = p.locationId
		WHERE ac.auctionId=
		#{auctionId}
	</select>

	<select id="getVolumeProfitability" parameterType="pl.op.model.auction.Auction"
		resultType="pl.op.model.auction.VolumeProfitability">
		SELECT pc.zoneType as type,p.ppeStatus as status,
		SUM(ipcv.amount)/SUM(DATE_PART('day', i.dateTo - i.dateFrom)) as value
		FROM tb_userCloud uc
		LEFT JOIN tb_userApp u ON u.userId = uc.userId
		LEFT JOIN tb_location l ON l.userId = u.userId
		LEFT JOIN tb_ppe p ON p.locationId = l.locationId
		LEFT JOIN tb_invoice i ON i.ppeId = p.ppeId
		LEFT JOIN tb_invoicepricecomponentvalue ipcv ON ipcv.invoiceId = i.invoiceId
		LEFT JOIN tb_pricecomponent pc ON pc.priceComponentId = ipcv.priceComponentId
		WHERE p.ppeStatus IN('READY_TO_JOIN', 'JOINED')
		AND uc.cloudId = #{auction.cloud.cloidId}
		GROUP BY pc.zoneType, p.ppeStatus
	</select>

	<select id="getAuctionAgreements" parameterType="pl.op.model.auction.AuctionOffer"
		resultType="pl.op.model.auction.AuctionAgreement">
		SELECT a.auctionId,
		a.beginContractDate,
		a.endContractDate,
		t.tariffName,
		ua.login,
		ua.firstname,
		ua.surname,
		ua.phone,
		p.ppeId,
		w.areaName,
		m.cityName,
		l.zipCode,
		u.streetName,
		l.flatNo,
		p.value
		FROM
		tb_auction a
		LEFT JOIN tb_cloud c
		ON c.cloudId =
		a.cloudId
		LEFT JOIN
		tb_auctionoffer ao
		ON ao.auctionId = a.auctionId
		LEFT JOIN tb_salesman s
		ON s.salesmanId = ao.salesmanId
		LEFT JOIN
		tb_auctionuser au
		ON
		au.auctionId = a.auctionId
		LEFT JOIN tb_userApp ua
		ON ua.userId =
		au.userId
		LEFT JOIN tb_location l
		ON l.userId = ua.userId
		LEFT JOIN
		tb_ppe p
		ON p.locationId = l.locationId
		LEFT JOIN tb_street u
		ON
		u.streetId = l.streetId
		LEFT JOIN tb_city m
		ON m.cityId = u.cityId
		LEFT
		JOIN tb_area w
		ON m.areaId = w.areaId
		LEFT JOIN tb_ppetariff pt
		ON
		pt.ppeId = p.ppeId
		LEFT JOIN tb_tariff t
		ON t.tariffId = pt.tariffId
		WHERE pt.endDate IS NULL AND a.status LIKE 'FINISHED' and c.tariffId =
		t.tariffId
		<if test="salesman != null and salesman.salesmanId != null">
			and s.salesmanId =
			#{salesman.salesmanId}
		</if>
		<if test="auction != null and auction.auctionId != null">
			and a.auctionId = #{auction.auctionId}
		</if>
	</select>

	<select id="getGroupedAuctionAgreements" parameterType="pl.op.model.auction.AuctionOffer"
		resultType="pl.op.model.auction.AuctionAgreement">
		SELECT DISTINCT 
			a.auctionId, 
			a.beginContractDate, 
			a.endContractDate, 
			tariff.tariffName,
			a.finishDate
		FROM tb_auction a
		LEFT JOIN tb_auctionOffer offer ON offer.auctionId = a.auctionId
		LEFT JOIN tb_cloud cloud ON cloud.cloudId = a.cloudId
		LEFT JOIN tb_tariff tariff ON tariff.tariffId = cloud.tariffId
		WHERE a.status = 'FINISHED' AND offer.status = 'FINISHED'
		<if test="salesman != null and salesman.salesmanId != null">
			AND offer.salesmanId = #{salesman.salesmanId}
		</if>
		<if test="auction != null and auction.auctionId != null">
			and a.auctionId = #{auction.auctionId}
		</if>
		<if test="auction != null and auction.cloud != null and auction.cloud.tariff != null and auction.cloud.tariff.tariffId != null">
			and cloud.tariffId = #{auction.cloud.tariff.tariffId}
		</if>
		ORDER BY a.finishDate ASC
	</select>
	
	<select id="getCounterSaving" resultType="double">
		SELECT round(SUM(COALESCE(p.value,0)*COALESCE(b.greenEnergyPercent,0.3)))
		FROM
		tb_auction a
		LEFT JOIN tb_cloud c
		ON a.cloudId = c.cloudId
		LEFT JOIN
		(SELECT auctionId, salesmanId FROM tb_auctionoffer WHERE status LIKE 'FINISHED' ORDER BY updatedAt DESC LIMIT 1) ao
		ON ao.auctionId = a.auctionId
		LEFT JOIN tb_salesman b
		ON b.salesmanId = ao.salesmanId
		LEFT JOIN
		tb_cloudstreet cs
		ON cs.cloudId = c.cloudId
		LEFT JOIN tb_cloudarea ca
		ON
		ca.cloudId = c.cloudId
		LEFT JOIN tb_cloudcity cc
		ON cc.cloudId =
		c.cloudId
		LEFT JOIN
		tb_auctionuser au ON
		au.auctionId = a.auctionId
		LEFT JOIN
		tb_userapp u ON
		u.userId=au.userId
		LEFT JOIN tb_location l ON
		u.userId=l.userId
		LEFT JOIN tb_ppe p
		ON p.locationID = l.locationID
		LEFT
		JOIN tb_street s
		ON l.streetID = s.streetId
		LEFT JOIN tb_city ul
		ON
		ul.cityId = s.cityId
		WHERE ca.areaId = ul.areaId AND (ul.cityId =
		cc.cityId OR cc.cityId IS NULL) AND (cs.streetId = s.streetId OR
		cs.streetId IS NULL) AND p.ppeId IS NOT NULL AND a.status LIKE 'FINISHED'
		GROUP BY b.salesmanId
		LIMIT 1 OFFSET 0
	</select>
</mapper>