<!DOCTYPE mapper PUBLIC "-//mybatis.org//DTD Mapper 3.0//EN" "http://mybatis.org/dtd/mybatis-3-mapper.dtd">

<mapper namespace="pl.op.dao.BuildingInterface">

	<resultMap id="BuildingResultMap" type="pl.op.model.stereotype.Building">
		<id property="buildingId" column="buildingId" />
		<result property="area" column="area" />
		<result property="heatingWaterType" column="heatingWaterType" />
		<result property="heatingBuildingType" column="heatingBuildingType" />
		<result property="roomNo" column="roomNo" />
		<result property="warmBuildingOutside" column="warmBuildingOutside" />
		<result property="windowsType" column="windowsType" />
		<result property="isolationBuildingTime" column="isolationBuildingTime" />
		<result property="personsNoKids" column="personsNoKids" />
		<result property="personsNoAdults" column="personsNoAdults" />
		<result property="floor" column="floor" />
		<result property="buildingType" column="buildingType" />
		<result property="acType" column="acType" />
		<result property="bulbs" column="bulbs" />
		<result property="year" column="year" />
		<result property="isProperty" column="isProperty" />
		<result property="certificate" column="certificate" />
	</resultMap>

	<insert  id="saveBuilding" parameterType="pl.op.model.stereotype.Building">
		<selectKey keyProperty="buildingId" resultType="integer"
			order="BEFORE">
			select nextval('building_id_seq')
		</selectKey>
		insert into tb_building (
		buildingId,
		area,
		heatingWaterType,
		heatingBuildingType,
		roomNo,
		warmBuildingOutside,
		windowsType,
		isolationBuildingTime,
		personsNoKids,
		personsNoAdults,
		floor,
		buildingType,
		acType,
		bulbs,
		year,
		isProperty,
		certificate
		)values (
		#{buildingId},
		#{area},
		#{heatingWaterType},
		#{heatingBuildingType},
		#{roomNo},
		#{warmBuildingOutside},
		#{windowsType},
		#{isolationBuildingTime},
		#{personsNoKids},
		#{personsNoAdults},
		#{floor},
		#{buildingType},
		#{acType},
		#{bulbs},
		#{year},
		#{isProperty},
		#{certificate}
		)
	</insert>

	<update id="updateBuilding" parameterType="pl.op.model.stereotype.Building">
		UPDATE tb_building
		SET
		area = #{area},
		heatingWaterType = #{heatingWaterType},
		heatingBuildingType = #{heatingBuildingType},
		roomNo = #{roomNo},
		warmBuildingOutside = #{warmBuildingOutside},
		windowsType = #{windowsType},
		isolationBuildingTime = #{isolationBuildingTime},
		personsNoKids = #{personsNoKids},
		personsNoAdults = #{personsNoAdults},
		floor = #{floor},
		buildingType = #{buildingType},
		acType = #{acType},
		bulbs = #{bulbs},
		year = #{year},
		isProperty = #{isProperty},
		certificate = #{certificate}
		WHERE buildingId = #{buildingId}
	</update>
</mapper>