<!DOCTYPE mapper PUBLIC "-//mybatis.org//DTD Mapper 3.0//EN" "http://mybatis.org/dtd/mybatis-3-mapper.dtd">

<mapper namespace="pl.op.dao.CityInterface">

	<resultMap id="CityResultMap" type="pl.op.model.dict.City">
		<id property="cityId" column="cityId" />
		<result property="cityName" column="cityName" />
		<result property="hasStatus" column="hasStatus" />
		<association property="area" column="areaId"
			javaType="pl.op.model.dict.Area">
			<id property="areaId" column="areaId" />
			<result property="areaName" column="areaName" />
		</association>
	</resultMap>

	<select id="getAreaByCityId" parameterType="pl.op.model.dict.City"
		resultType="pl.op.model.dict.Area">
		SELECT tba.*
		FROM tb_area tba
		JOIN tb_city tbc
		ON(tba.areaId =
		tbc.areaId)
		WHERE tbc.cityId = #{id}
	</select>

	<select id="getCities" parameterType="pl.op.model.dict.City"
		resultType="pl.op.model.dict.City">
		SELECT *
		FROM tb_city
		WHERE 1=1
		<if test="cityId != null">
			and cityId = #{cityId}
		</if>
		<if test="cityName != null and !''.equals(cityName)">
			and cityName = #{cityName}
		</if>
		<if test="area != null and area.areaId !=null">
			and areaId = #{area.areaId}
		</if>
		<if test="hasStatus != null">
			and hasStatus = #{hasStatus}
		</if>
		ORDER BY cityName ASC
	</select>

	<select id="getCitiesByAreas" resultType="pl.op.model.dict.City">
		SELECT *
		FROM tb_city
		WHERE
		areaId IN
		<foreach item="area" index="index" collection="areas" open="(" separator="," close=")">
			#{area.areaId}
		</foreach>
		ORDER BY cityName ASC
	</select>

	<select id="searchCities" parameterType="pl.op.model.dict.City" resultMap="CityResultMap">
		SELECT *
		FROM tb_city
		WHERE 1=1
		<if test="cityId != null">
			and cityId = #{cityId}
		</if>
		<if test="cityName != null and !''.equals(cityName)">
			and LOWER(cityName) LIKE CONCAT(#{cityName},'%')
		</if>
		<if test="areaId != null">
			and areaId = #{areaId}
		</if>
		<if test="hasStatus != null">
			and hasStatus = #{hasStatus}
		</if>
		ORDER BY cityName ASC
		<if test="limit != null">
			LIMIT #{limit}
		</if>
	</select>

	<select id="getCitiesList" resultMap="CityResultMap">
		(SELECT c.* ,a.*
		FROM tb_city c
		LEFT JOIN tb_area a
		ON
		a.areaId = c.areaId)
		ORDER BY cityName ASC
	</select>

	<select id="getCitiesStarts" parameterType="pl.op.model.dict.City"
		resultType="pl.op.model.dict.City">
		SELECT *
		FROM tb_city
		WHERE 1=1
		<if test="cityId != null">
			and cityId = #{cityId}
		</if>
		<if test="cityName != null and !''.equals(cityName)">
			and cityName = #{cityName}
		</if>
		<if test="area != null and area.areaId !=null">
			and areaId = #{area.areaId}
		</if>
		cityName LIKE CONCAT(#{cityStartsFrom},'%')
		ORDER BY cityName ASC
	</select>

	<select id="getCitiesById" parameterType="pl.op.model.dict.City"
		resultType="pl.op.model.dict.City">
		SELECT *
		FROM tb_city
		WHERE cityId = #{id}
	</select>

	<select id="getCitiesByName" parameterType="string"
		resultMap="CityResultMap">
		SELECT *
		FROM tb_city c
		LEFT JOIN tb_area a
		ON
		a.areaId = c.areaId
		WHERE cityName ~* #{cityName}	
		ORDER BY cityName ASC
	</select>

	<insert id="saveCity" parameterType="pl.op.model.dict.City">
		<selectKey keyProperty="cityId" resultType="integer" order="BEFORE">
			select nextval('city_id_seq')
		</selectKey>
		insert into tb_city (
		cityName,
		cityId,
		areaId,
		hasStatus,
		symbol
		)values (
		#{cityName},
		#{cityId},
		#{area.areaId},
		#{hasStatus},
		#{symbol}
		)
	</insert>
	
	<insert id="saveCityWithAreaId">
		<selectKey keyProperty="cityId" resultType="integer" order="BEFORE">
			select nextval('city_id_seq')
		</selectKey>
		insert into tb_city (
		cityName,
		cityId,
		areaId,
		hasStatus,
		symbol
		)values (
		#{city.cityName},
		#{cityId},
		#{areaId},
		#{city.hasStatus},
		#{city.symbol}
		)
	</insert>

	<delete id="deleteCity" parameterType="pl.op.model.dict.City">
		DELETE FROM tb_city
		WHERE
		cityId = #{cityId}
	</delete>

	<update id="updateCity" parameterType="pl.op.model.dict.City">
		UPDATE tb_city SET
		cityName = #{cityName},
		cityId = #{cityId},
		areaId = #{area.areaId},
		hasStatus = #{hasStatus}
		WHERE cityId = #{cityId}
	</update>

	<select id="getCity" parameterType="pl.op.model.dict.City"
		resultType="pl.op.model.dict.City">
		SELECT *
		FROM tb_city
		WHERE 1=1
		<if test="cityId != null">
			and cityId = #{cityId}
		</if>
		<if test="cityName != null and !''.equals(cityName)">
			and cityName = #{cityName}
		</if>
		<if test="area != null and area.areaId !=null">
			and areaId = #{area.areaId}
		</if>
		<if test="symbol != null and !''.equals(symbol)">
			and symbol = #{symbol}
		</if>
		LIMIT 1
	</select>

	<select id="getCityBySymbol" parameterType="java.lang.String"
		resultMap="CityResultMap">
		SELECT c.*, a.*
		FROM tb_city c
		JOIN tb_area a 
		ON c.areaid = a.areaid
		WHERE c.symbol = #{symbol}
	</select>

	<select id="getCityByAddress" parameterType="pl.op.model.dict.City"
		resultMap="CityResultMap">
		SELECT c.*,a.*
		FROM tb_city c
		LEFT JOIN tb_area a
		ON
		c.areaId=a.areaId
		WHERE cityId = #{city.cityId}
	</select>

	<select id="getCityByStreetId" parameterType="pl.op.model.dict.Street"
		resultType="pl.op.model.dict.City">
		SELECT tbc.*
		FROM tb_city tbc
		JOIN tb_street tbs
		ON(tbc.cityId = tbs.cityId)
		WHERE tbs.streetId = #{id}
	</select>
</mapper>