<!DOCTYPE mapper PUBLIC "-//mybatis.org//DTD Mapper 3.0//EN" "http://mybatis.org/dtd/mybatis-3-mapper.dtd">

<mapper namespace="pl.op.dao.CloudInterface">

	<resultMap id="CloudResultMap" type="pl.op.model.cloud.Cloud">
		<id property="cloudId" column="c_cloudId" />
		<result property="description" column="c_description" />
		<result property="creationDate" column="c_creationDate" />
		<result property="updatedAt" column="c_updatedAt" />
		<result property="name" column="c_name" />
		<result property="removed" column="c_removed" />
		<result property="volume" column="c_volume" />
                <result property="isCompany" column="c_iscompany" />
		<result property="isManual" column="c_isManual" />
         
		<association property="salesman" javaType="pl.op.model.salesman.Salesman" column="c_salesmanid">
			<id property="salesmanId" column="salesmanId" />
			<result property="salesmanName" column="salesmanName" />
		</association>
        
		<association property="tariff" column="tariffId"
			javaType="pl.op.model.dict.Tariff">
			<id property="tariffId" column="tariffId" />
			<result property="tariffName" column="t_tariffName" />
			<result property="startTime" column="t_startTime" />
			<result property="endTime" column="t_endTime" />
		</association>
		<association property="stereotype" column="stereotypeId"
			javaType="pl.op.model.stereotype.Stereotype">
			<id property="stereotypeId" column="stereotypeId" />
			<result property="stereotypeName" column="s_stereotypeName" />
			<result property="stereotypeDescription" column="s_stereotypeDescription" />
			<result property="removed" column="s_removed" />
			<result property="mediumYearConsumption" column="s_mediumYearConsumption" />
			<result property="mediumYearProduction" column="s_mediumYearProduction" />
			<result property="iconPath" column="s_iconPath" />
			<result property="iconContent" column="s_iconContent" />
		</association>
		<collection property="users" column="uc_userId" ofType="pl.op.model.user.UserApp">
			<id property="userId" column="u_userId" />
			<result property="firstName" column="u_firstName" />
			<result property="surname" column="u_surname" />
			<result property="login" column="u_login" />
		</collection>
		<collection property="auctions" column="c_cloudId" javaType="ArrayList"
			ofType="pl.op.model.auction.Auction">
			<id property="auctionId" column="auctionId" />
			<result property="beginContractDate" column="a_beginContractDate" />
			<result property="endContractDate" column="a_endContractDate" />
			<result property="finishDate" column="a_finishDate" />
			<result property="startDate" column="a_startDate" />
			<result property="status" column="a_status" />
			<result property="priceGuarantee" column="a_priceGuarantee" />
			<result property="proecological" column="a_proecological" />
			<result property="auctionSavings" column="a_auctionSavings" />
			<collection property="auctionOffers" column="auctionId" resultMap="pl.op.dao.AuctionInterface.AuctionOfferResultMap" />
		</collection>

		<collection property="areas" column="cloudId" javaType="ArrayList"
			ofType="pl.op.model.dict.Area">
			<id property="areaId" column="areaId" />
			<result property="areaName" column="area_areaName" />
		</collection>
		<collection property="cities" column="cloudId" javaType="ArrayList"
			ofType="pl.op.model.dict.City">
			<id property="cityId" column="cityId" />
			<result property="cityName" column="city_cityName" />
		</collection>
		<collection property="streets" column="cloudId" javaType="ArrayList"
			ofType="pl.op.model.dict.Street">
			<id property="streetId" column="streetId" />
			<result property="streetName" column="street_streetName" />
			<result property="zipCode" column="zipCode" />
		</collection>

	</resultMap>
		
	<select id="getClouds" parameterType="pl.op.model.cloud.CloudFilter" resultMap="CloudResultMap">
		SELECT DISTINCT c.cloudId as c_cloudId,
			 c.description as c_description,
			 c.creationDate as c_creationDate,
			 c.updatedAt as c_updatedAt,
			 c.name as c_name,
			 c.removed as c_removed,
			 c.isManual as c_isManual,
			 c.volume as c_volume,
                         c.iscompany as c_iscompany,
			 c.tariffId as tariffId,
                         c.salesmanid as c_salesmanid,   
			 a.auctionId as auctionId,
			 a.beginContractDate as a_beginContractDate,
			 a.endContractDate as a_endContractDate,
			 a.finishDate as a_finishDate,
			 a.startDate as a_startDate,
			 a.status as a_status,
			 a.priceGuarantee as a_priceGuarantee,
			 a.proecological as a_proecological,
			 a.auctionSavings as a_auctionSavings,
			 ao.auctionOfferId as o_auctionOfferId,
			 ao.status as o_status,
			 s.stereotypeId as stereotypeId,
			 s.stereotypeName as s_stereotypeName,
			 s.removed as s_removed,
			 s.mediumYearConsumption as s_mediumYearConsumption,
			 s.mediumYearProduction as s_mediumYearProduction,
			 s.iconPath as s_iconPath,
			 s.iconContent as s_iconContent,
			 t.tariffName as t_tariffName,
			 str.streetId as streetId,
			 str.streetName as streetName,
			 ci.cityId as cityId,
			 ci.cityName as city_cityName,
			 ar.areaId as areaId,
			 ar.areaName as area_areaName,
			 uc.userId as uc_userId,
			 u.userId as u_userId,
			 u.login as u_login,
			 u.firstname as u_firstName,
			 u.surname as u_surname,
                         sal.salesmanid,
                         sal.salesmanname   
		FROM tb_cloud c
		LEFT JOIN tb_auction 		a 	ON (a.cloudId = c.cloudId AND a.status = 'INPROGRESS')
		LEFT JOIN tb_usercloud 		uc 	ON uc.cloudId = c.cloudId
		LEFT JOIN tb_userapp        u   ON u.userId = uc.userId          
		LEFT JOIN tb_stereotype 	s 	ON c.stereotypeId = s.stereotypeId
		LEFT JOIN tb_tariff 		t 	ON c.tariffId = t.tariffId
		LEFT JOIN tb_cloudstreet 	ul 	ON ul.cloudId = c.cloudId
		LEFT JOIN tb_street 		str ON str.streetId = ul.streetId
		LEFT OUTER JOIN tb_cloudcity 	m 	ON m.cloudId = c.cloudId
		LEFT JOIN tb_city 			ci 	ON ci.cityId = m.cityId
		LEFT JOIN tb_cloudarea 		w 	ON w.cloudId = c.cloudId
		LEFT JOIN tb_area 			ar 	ON ar.areaId = w.areaId
		LEFT JOIN tb_location 		l 	ON uc.userId = l.userId
		LEFT JOIN tb_ppe 			p 	ON p.locationId = l.locationId
		LEFT JOIN tb_invoice 		i 	ON i.ppeId = p.ppeId
		LEFT JOIN tb_invoicepricecomponentvalue ipcv 	ON ipcv.invoiceId = i.invoiceId
		LEFT JOIN tb_priceComponent 				pc 	ON pc.pricecomponentId = ipcv.pricecomponentId
		LEFT JOIN tb_auctionoffer   ao  ON ao.auctionId = a.auctionId
                LEFT JOIN tb_salesman sal ON sal. salesmanid =   	c.salesmanid
		WHERE c.removed IS NOT TRUE
                    and p.removed IS NOT TRUE
		<!-- Cloud Name -->
		<if test="cloud != null">
			<if test="cloud.name != null and cloud.name != '' and !''.equals(cloud.name)">
				AND UPPER(c.name) LIKE upper(CONCAT('%',#{cloud.name},'%'))</if>
			
			<!-- Is Company And Stereotype -->
			<if test="cloud.isCompany != null and !''.equals(cloud.isCompany)"> 
				<if test="cloud.isCompany == true">
					AND c.isCompany IS TRUE
				</if>
				<if test="cloud.isCompany == false">
					AND c.isCompany IS NOT TRUE
				</if>
			</if>
			
			<if test="cloud.stereotype != null"><if test="cloud.stereotype.stereotypeId != null">
				AND c.stereotypeId = #{cloud.stereotype.stereotypeId}</if></if>
			
			<!-- Tariff -->
			<if test="cloud.tariff != null"><if test="cloud.tariff.tariffId != null">
				AND c.tariffId = #{cloud.tariff.tariffId}</if></if>
				
			<!-- START - lokalizaca -->
			<if test="cloud.areas != null"><if test="cloud.areas.size() > 0"> AND w.areaId IN
					<foreach item="area" index="index" collection="cloud.areas"
						open="(" separator="," close=")">
						#{area.areaId}
					</foreach>
			</if></if>
			<if test="cloud.cities != null"><if test="cloud.cities.size() > 0"> AND m.cityId IN
					<foreach item="city" index="index" collection="cloud.cities"
						open="(" separator="," close=")">
						#{city.cityId}
					</foreach>
			</if></if>
			<if test="cloud.streets != null"><if test="cloud.streets.size() > 0"> AND ul.streetId IN
					<foreach item="street" index="index" collection="cloud.streets"
						open="(" separator="," close=")">
						#{street.streetId}
					</foreach>
			</if></if>
		</if>
		
		<!-- sector -->
		<if test="sector != null">
			<if test="sector.sectorId != null">
				AND u.sectorId = #{sector.sectorId}
			</if>
		</if>
		
		<!-- II opcja lokalizacji -->
		<if test="area != null"><if test="area.areaId != null">
			AND w.areaId = #{area.areaId}</if></if>
		
		<if test="city != null"><if test="city.cityId != null">
			AND m.cityId = #{city.cityId}</if></if>
		<if test="street != null"><if test="street.streetId != null">
			AND ul.streetId = #{street.streetId}</if></if>
		<!-- END - lokalzacja -->
			
		<!-- SearchType - wykorzystywane przy autoCloudGenerator -->
		<if test="searchType !=null and !''.equals(searchType)">
			<if test="searchType.equals('forPoland')">
				AND w IS NULL
				AND m IS NULL
				AND ul IS NULL
			</if>

			<if test="searchType.equals('forArea')">
				AND m IS NULL
				AND ul IS NULL
			</if>

			<if test="searchType.equals('forCity')">
				AND ul IS NULL
			</if>
		</if>
		
		<!-- Zone Type -->
		<if test="zoneType != null and !''.equals(zoneType)">
			AND pc.zoneType = #{zoneType}</if>
		
		<!-- Cloud Users -->
		<if test="user.userId != null and !''.equals(user.userId)">
			AND uc.userId = #{user.userId}
		</if>
		
		<!-- cloud volume -->
		<if test="volumeFrom != null">
			AND c.volume <![CDATA[ >= ]]> #{volumeFromInMWh}
		</if>
		<if test="volumeTo != null">
			AND c.volume <![CDATA[ <= ]]> #{volumeToInMWh} 
			<if test="volumeFrom == null">
				OR c.volume IS NULL
			</if>
		</if>
		
		<!-- is Cloud create Manual -->
		<if test="cloud.isManual == false">
			AND c.isManual IS NOT TRUE
		</if>
		<if test="cloud.isManual == true">
			AND c.isManual IS TRUE
		</if>
	</select>
        
        <select id="getCloudsForCreator" parameterType="pl.op.model.cloud.CloudFilter" resultMap="CloudResultMap">
		SELECT DISTINCT c.cloudId as c_cloudId,
			 c.description as c_description,
			 c.creationDate as c_creationDate,
			 c.updatedAt as c_updatedAt,
			 c.name as c_name,
			 c.removed as c_removed,
			 c.isManual as c_isManual,
			 c.volume as c_volume,
                         c.iscompany as c_iscompany,
			 c.tariffId as tariffId,
			 a.auctionId as auctionId,
			 a.beginContractDate as a_beginContractDate,
			 a.endContractDate as a_endContractDate,
			 a.finishDate as a_finishDate,
			 a.startDate as a_startDate,
			 a.status as a_status,
			 a.priceGuarantee as a_priceGuarantee,
			 a.proecological as a_proecological,
			 a.auctionSavings as a_auctionSavings,
			 ao.auctionOfferId as o_auctionOfferId,
			 ao.status as o_status,
			 s.stereotypeId as stereotypeId,
			 s.stereotypeName as s_stereotypeName,
			 s.removed as s_removed,
			 s.mediumYearConsumption as s_mediumYearConsumption,
			 s.mediumYearProduction as s_mediumYearProduction,
			 s.iconPath as s_iconPath,
			 s.iconContent as s_iconContent,
			 t.tariffName as t_tariffName,
			 str.streetId as streetId,
			 str.streetName as streetName,
			 ci.cityId as cityId,
			 ci.cityName as city_cityName,
			 ar.areaId as areaId,
			 ar.areaName as area_areaName,
			 uc.userId as uc_userId,
			 u.userId as u_userId,
			 u.login as u_login,
			 u.firstname as u_firstName,
			 u.surname as u_surname
		FROM tb_cloud c
		LEFT JOIN tb_auction 		a 	ON (a.cloudId = c.cloudId AND a.status = 'INPROGRESS')
		LEFT JOIN tb_usercloud 		uc 	ON uc.cloudId = c.cloudId
		LEFT JOIN tb_userapp        u   ON u.userId = uc.userId          
		LEFT JOIN tb_stereotype 	s 	ON c.stereotypeId = s.stereotypeId
		LEFT JOIN tb_tariff 		t 	ON c.tariffId = t.tariffId
		LEFT JOIN tb_cloudstreet 	ul 	ON ul.cloudId = c.cloudId
		LEFT JOIN tb_street 		str ON str.streetId = ul.streetId
		LEFT OUTER JOIN tb_cloudcity 	m 	ON m.cloudId = c.cloudId
		LEFT JOIN tb_city 			ci 	ON ci.cityId = m.cityId
		LEFT JOIN tb_cloudarea 		w 	ON w.cloudId = c.cloudId
		LEFT JOIN tb_area 			ar 	ON ar.areaId = w.areaId
		LEFT JOIN tb_location 		l 	ON uc.userId = l.userId
		LEFT JOIN tb_ppe 			p 	ON p.locationId = l.locationId
		LEFT JOIN tb_invoice 		i 	ON i.ppeId = p.ppeId
		LEFT JOIN tb_invoicepricecomponentvalue ipcv 	ON ipcv.invoiceId = i.invoiceId
		LEFT JOIN tb_priceComponent 				pc 	ON pc.pricecomponentId = ipcv.pricecomponentId
		LEFT JOIN tb_auctionoffer   ao  ON ao.auctionId = a.auctionId
		WHERE c.removed IS NOT TRUE
		<!-- Cloud Name -->
		<if test="cloud != null">
		
			<!-- Is Company And Stereotype -->
			<if test="cloud.isCompany != null and !''.equals(cloud.isCompany)"> 
				<if test="cloud.isCompany == true">
					AND c.isCompany IS TRUE
				</if>
				<if test="cloud.isCompany == false">
					AND c.isCompany IS NOT TRUE
				</if>
			</if>
			
		
			
			<!-- Tariff -->
			<if test="cloud.tariff != null"><if test="cloud.tariff.tariffId != null">
				AND c.tariffId = #{cloud.tariff.tariffId}</if></if>
				
			<!-- START - lokalizaca -->
			<if test="cloud.areas != null"><if test="cloud.areas.size() > 0"> AND w.areaId IN
					<foreach item="area" index="index" collection="cloud.areas"
						open="(" separator="," close=")">
						#{area.areaId}
					</foreach>
			</if></if>			
		</if>
		
		<!-- sector -->
		<if test="sector != null">
			<if test="sector.sectorId != null">
				AND u.sectorId = #{sector.sectorId}
			</if>
		</if>
		
		<!-- II opcja lokalizacji -->
		<if test="area != null"><if test="area.areaId != null">
			AND w.areaId = #{area.areaId}</if></if>
		
		<if test="city != null"><if test="city.cityId != null">
			AND m.cityId = #{city.cityId}</if></if>
		<if test="street != null"><if test="street.streetId != null">
			AND ul.streetId = #{street.streetId}</if></if>
		<!-- END - lokalzacja -->
			
		<!-- SearchType - wykorzystywane przy autoCloudGenerator -->
		<if test="searchType !=null and !''.equals(searchType)">
			<if test="searchType.equals('forPoland')">
				AND w IS NULL
				AND m IS NULL
				AND ul IS NULL
			</if>

			<if test="searchType.equals('forArea')">
				AND m IS NULL
				AND ul IS NULL
			</if>

			<if test="searchType.equals('forCity')">
				AND ul IS NULL
			</if>
		</if>
		
		<!-- Zone Type -->
		<if test="zoneType != null and !''.equals(zoneType)">
			AND pc.zoneType = #{zoneType}</if>
		
		<!-- Cloud Users -->
		<if test="user.userId != null and !''.equals(user.userId)">
			AND uc.userId = #{user.userId}
		</if>
		
		<!-- cloud volume -->
		<if test="volumeFrom != null">
			AND c.volume <![CDATA[ >= ]]> #{volumeFromInMWh}
		</if>
		<if test="volumeTo != null">
			AND c.volume <![CDATA[ <= ]]> #{volumeToInMWh} 
			<if test="volumeFrom == null">
				OR c.volume IS NULL
			</if>
		</if>
		
		<!-- is Cloud create Manual -->
		<if test="cloud.isManual == false">
			AND c.isManual IS NOT TRUE
		</if>
		<if test="cloud.isManual == true">
			AND c.isManual IS TRUE
		</if>
	</select>
	
	<insert id="saveCloud" parameterType="pl.op.model.cloud.Cloud">
		<selectKey keyProperty="cloudId" resultType="integer" order="BEFORE">
			select nextval('cloud_id_seq')
		</selectKey>
		insert into tb_cloud (
		cloudId,
		description,
		creationDate,
		name,
		removed,
		salesmanId,
		isCompany,
		stereotypeId,
		tariffId,
		isManual
		)values (
		#{cloudId},
		#{description},
		#{creationDate},
		#{name},
		false,
		<if test="salesman != null">
			<choose>
				<when test="salesman.salesmanId != null">
					#{salesman.salesmanId},
				</when>
				<otherwise>
					NULL,
				</otherwise>
			</choose>
		</if>
		<if test="salesman == null">
			NULL,
		</if>
		#{isCompany},
		#{stereotype.stereotypeId},
		#{tariff.tariffId},
		#{isManual}
		)
	</insert>

	<insert id="saveCloudArea" parameterType="pl.op.model.dict.Area">
		insert into
		tb_cloudarea (
		cloudId,
		areaId
		) values (
		#{cloudId},
		#{areaId}
		)
	</insert>

	<insert id="saveCloudCity" parameterType="pl.op.model.dict.City">
		insert into
		tb_cloudcity (
		cloudId,
		cityId
		) values (
		#{cloudId},
		#{cityId}
		)
	</insert>

	<insert id="saveCloudStreet" parameterType="pl.op.model.dict.Street">
		insert into
		tb_cloudstreet (
		cloudId,
		streetId
		) values (
		#{cloudId},
		#{streetId}
		)
	</insert>

	<update id="updateCloud" parameterType="pl.op.model.cloud.Cloud">
		UPDATE tb_cloud
		SET
		name = #{name},
		volume = #{volume}
		WHERE cloudId = #{cloudId}
	</update>

	<select id="getPPECount" parameterType="pl.op.model.cloud.Cloud"
		resultType="Integer">
		SELECT COUNT(DISTINCT(p.ppeId))
		FROM tb_cloud c
		LEFT JOIN tb_cloudstreet cs ON cs.cloudId = c.cloudId
		LEFT JOIN tb_cloudarea ca ON ca.cloudId = c.cloudId
		LEFT JOIN tb_cloudcity cc ON cc.cloudId = c.cloudId
		LEFT JOIN tb_usercloud uc ON uc.cloudId=c.cloudId
		LEFT JOIN tb_userapp u ON u.userId=uc.userId
		LEFT JOIN tb_location l ON u.userId=l.userId
		LEFT JOIN tb_ppe p ON p.locationID = l.locationID
		LEFT JOIN tb_street s ON l.streetID = s.streetId
		LEFT JOIN tb_city ul ON ul.cityId = s.cityId
		LEFT OUTER JOIN tb_ppetariff pt ON pt.ppeId=p.ppeId AND pt.endDate IS NULL
		WHERE ca.areaId = ul.areaId 
		AND (ul.cityId = cc.cityId OR cc.cityId IS NULL) 
		AND (cs.streetId = s.streetId OR cs.streetId IS NULL) 
		AND c.cloudId=#{cloudId} 
		AND pt.tariffId = c.tariffId
		AND p.ppeId IS NOT NULL
                AND p.removed IS NOT TRUE
	</select>
	
	<select id="getPpeByCloudId" parameterType="pl.op.model.cloud.Cloud"
		resultType="pl.op.model.contract.PPE">
		SELECT DISTINCT p.ppeId, *
          FROM tb_cloud c
          LEFT JOIN tb_cloudstreet cs
          ON cs.cloudId = c.cloudId
          LEFT JOIN tb_cloudarea ca
          ON ca.cloudId = c.cloudId
          LEFT JOIN tb_cloudcity cc
          ON cc.cloudId = c.cloudId
          LEFT JOIN tb_usercloud uc
          ON uc.cloudId=c.cloudId
          LEFT JOIN tb_userapp u
          ON u.userId=uc.userId
          LEFT JOIN tb_location l 
          ON u.userId=l.userId
          LEFT JOIN tb_ppe p
          ON p.locationID = l.locationID
          LEFT JOIN tb_street s
          ON l.streetID = s.streetId
          LEFT JOIN tb_city ul
          ON ul.cityId = s.cityId
          LEFT JOIN (select tariffId, ppeId, endDate from tb_ppetariff) pf
          ON pf.ppeId = p.ppeId
          AND pf.endDate is null
          LEFT JOIN tb_sector sector ON sector.sectorId = u.sectorId
          WHERE 
          ca.areaId = ul.areaId 
          AND (ul.cityId = cc.cityId OR cc.cityId IS NULL) 
          AND (cs.streetId = s.streetId OR cs.streetId IS NULL) 
          AND c.cloudId = #{cloudId} 
          AND pf.tariffId = c.tariffId 
          AND p.ppeId IS NOT NULL
          AND c.stereotypeId = sector.stereotypeId 
          AND u.sectorId IS NOT NULL
          AND p.removed IS NOT TRUE
	</select>
        
        <select id="getPpeByCloudIdNoStereotype" parameterType="pl.op.model.cloud.Cloud"
		resultType="pl.op.model.contract.PPE">
		SELECT DISTINCT p.ppeId, *
          FROM tb_cloud c
          LEFT JOIN tb_cloudstreet cs
          ON cs.cloudId = c.cloudId
          LEFT JOIN tb_cloudarea ca
          ON ca.cloudId = c.cloudId
          LEFT JOIN tb_cloudcity cc
          ON cc.cloudId = c.cloudId
          LEFT JOIN tb_usercloud uc
          ON uc.cloudId=c.cloudId
          LEFT JOIN tb_userapp u
          ON u.userId=uc.userId
          LEFT JOIN tb_location l 
          ON u.userId=l.userId
          LEFT JOIN tb_ppe p
          ON p.locationID = l.locationID
          LEFT JOIN tb_street s
          ON l.streetID = s.streetId
          LEFT JOIN tb_city ul
          ON ul.cityId = s.cityId
          LEFT JOIN (select tariffId, ppeId, endDate from tb_ppetariff) pf
          ON pf.ppeId = p.ppeId
          AND pf.endDate is null
          LEFT JOIN tb_sector sector ON sector.sectorId = u.sectorId
          WHERE 
          ca.areaId = ul.areaId 
          AND (ul.cityId = cc.cityId OR cc.cityId IS NULL) 
          AND (cs.streetId = s.streetId OR cs.streetId IS NULL) 
          AND c.cloudId = #{cloudId} 
          AND pf.tariffId = c.tariffId 
          AND p.ppeId IS NOT NULL
          AND p.removed = false
          AND u.sectorId IS NOT NULL
            AND p.removed IS NOT TRUE
	</select>
	
	<select id="getCloudsByPpeId" parameterType="Integer"
		resultType="pl.op.model.cloud.Cloud">
		SELECT DISTINCT c.cloudId
		FROM tb_cloud c
		LEFT JOIN tb_cloudstreet cs ON cs.cloudId = c.cloudId
		LEFT JOIN tb_cloudarea ca 	ON ca.cloudId = c.cloudId
		LEFT JOIN tb_cloudcity cc 	ON cc.cloudId = c.cloudId
		LEFT JOIN tb_usercloud uc 	ON uc.cloudId = c.cloudId
		LEFT JOIN tb_userapp u 		ON u.userId = uc.userId
		LEFT JOIN tb_location l 	ON u.userId = l.userId
		LEFT JOIN tb_ppe p 			ON p.locationId = l.locationId
		LEFT JOIN tb_street s 		ON l.streetId = s.streetId
		LEFT JOIN tb_city ul		ON ul.cityId = s.cityId
		LEFT JOIN tb_ppetariff pf 	ON pf.ppeId = p.ppeId AND pf.endDate IS NULL
		LEFT JOIN tb_sector sector 	ON sector.sectorId = u.sectorId
		WHERE 
		ca.areaId = ul.areaId 
		AND (ul.cityId = cc.cityId OR cc.cityId IS NULL) 
		AND (cs.streetId = s.streetId OR cs.streetId IS NULL) 
		AND pf.tariffId = c.tariffId 
		AND p.ppeId IS NOT NULL
		AND c.stereotypeId = sector.stereotypeId 
		AND u.sectorId IS NOT NULL
		AND p.ppeId = #{ppeId}
	</select>

	<select id="getCloudPotentialUsers" parameterType="pl.op.model.cloud.Cloud"
		resultType="pl.op.model.user.UserApp">
		SELECT u.*
		FROM
		tb_cloud c
		LEFT JOIN
		tb_cloudstreet cs
		ON cs.cloudId =
		c.cloudId
		LEFT JOIN tb_cloudarea ca
		ON
		ca.cloudId = c.cloudId
		LEFT JOIN
		tb_cloudcity cc
		ON cc.cloudId =
		c.cloudId
		LEFT JOIN
		tb_usercloud uc ON
		uc.cloudId=c.cloudId
		LEFT JOIN
		tb_userapp u ON
		u.userId=uc.userId
		LEFT
		JOIN tb_location l ON
		u.userId=l.userId
		LEFT
		JOIN tb_street s
		ON
		l.streetID = s.streetId
		LEFT JOIN tb_city ul
		ON
		ul.cityId = s.cityId
		WHERE ca.areaId = ul.areaId AND (ul.cityId =
		cc.cityId OR cc.cityId IS
		NULL) AND (cs.streetId = s.streetId OR
		cs.streetId IS NULL) AND
		c.cloudId=#{cloudId} AND u.userId NOT IN
		<foreach item="user" index="index" collection="users"
			open="(" separator="," close=")">
			#{user.userId}
		</foreach>
	</select>

	<select id="getStreetsByCity" parameterType="String" resultType="String">
		SELECT c.street
		FROM
		tb_cloud
		c
		WHERE c.city LIKE #{city}
	</select>

	<select id="getCloudsCount" resultType="Integer">
		SELECT COUNT(c.*)
		FROM
		tb_cloud
		c
		WHERE removed = false
	</select>
	
	<select id="getAuctionOffersForAuctionsCount" parameterType="pl.op.model.auction.Auction" resultType="Integer">
		SELECT COUNT(*)
		FROM
		tb_auctionoffer
		WHERE
		auctionid = #{auctionId} 
		AND 
		status='INPROGRESS'
	</select>
	
	<select id="getUsersForCloud" parameterType="pl.op.model.cloud.Cloud" resultType="pl.op.model.user.UserApp">
		SELECT DISTINCT * 
		FROM tb_userapp ua
		LEFT JOIN tb_usercloud uc ON uc.userid = ua.userid
		WHERE
		uc.cloudid = #{cloudId}
	</select>

	<insert id="saveUserCloud" parameterType="pl.op.model.user.UserApp">
		insert into
		tb_usercloud (
		cloudId,
		userId
		) values (
		#{cloudId},
		#{userId}
		)
	</insert>
	
	<delete id="deleteCloudUsers" parameterType="pl.op.model.cloud.Cloud">
		DELETE FROM tb_usercloud
		WHERE cloudId = #{cloudId}
	</delete>
	
	<delete id="deleteCloudUsersBatch">
		DELETE FROM tb_usercloud
		WHERE 
		cloudId = #{cloud.cloudId}
		AND
		userid IN 
		<foreach item="item" index="index" collection="list" open="(" separator="," close=")">
			#{item.userId}
		</foreach>
	</delete>
	
	<update id="updateCloudVolume" parameterType="pl.op.model.cloud.Cloud">
		UPDATE tb_cloud
		SET volume=#{volume}
		WHERE cloudId = #{cloudId}
	</update>
</mapper>