<!DOCTYPE mapper PUBLIC "-//mybatis.org//DTD Mapper 3.0//EN" "http://mybatis.org/dtd/mybatis-3-mapper.dtd">

<mapper namespace="pl.op.dao.CommentInterface">

	<resultMap id="comment" type="pl.op.model.comment.Comment">
		<id property="idComment" column="idComment" />
		<result property="name" column="name" />
		<result property="header" column="header" />
		<result property="dateComment" column="dateComment" />
		<result property="removed" column="removed" />
		<result property="active" column="active" />
		<result property="visibleDateFrom" column="visibleDateFrom" />
		<result property="visibleDateTo" column="visibleDateTo" />
		<result property="author" column="author" />
		<collection property="files" javaType="ArrayList"
			ofType="pl.op.model.comment.File">
			<id property="fileId" column="fileId" />
			<result property="name" column="name" />
			<result property="url" column="url" />
			<result property="image" column="image" />
		</collection>
	</resultMap>

	<select id="getComment" parameterType="pl.op.model.comment.Comment"
		resultMap="comment">
		SELECT *
		FROM
		tb_comment
		where idComment = #{idComment}
	</select>

	<select id="getComments" parameterType="pl.op.model.comment.Comment"
		resultType="pl.op.model.comment.Comment">
		SELECT idComment,
		content,
		header,
		dateComment,
		active,
		author,
		removed,
		visibleDateFrom,
		visibleDateTo,
		name
		FROM
		tb_comment
		order by dateComment desc
	</select>

	<select id="getNews" parameterType="pl.op.model.comment.News"
		resultType="pl.op.model.comment.News">
		SELECT idNews,
		content,
		header,
		dateNews,
		active,
		author,
		removed,
		visibleDateFrom,
		visibleDateTo,
		name
		FROM
		tb_news
		order by dateNews
		desc
	</select>

	<select id="getActualComments" resultType="pl.op.model.comment.Comment">
		SELECT idComment,
		content,
		header,
		dateComment,
		active,
		author,
		removed,
		visibleDateFrom,
		visibleDateTo,
		name
		FROM
		tb_comment
		where active = 'TRUE'
		and removed = 'FALSE' and
		current_date >= visibledatefrom and
		current_date &lt;= visibledateto
		order by dateComment desc
	</select>

	<select id="getActualNews" resultType="pl.op.model.comment.News">
		SELECT idNews,
		content,
		header,
		dateNews,
		active,
		author,
		removed,
		visibleDateFrom,
		visibleDateTo,
		name
		FROM
		tb_news
		where active = 'TRUE' and removed =
		'FALSE' and
		current_date >= visibledatefrom and current_date &lt;= visibledateto
		order by
		dateNews desc
	</select>

	<insert id="addComment" parameterType="pl.op.model.comment.Comment">
		<selectKey keyProperty="idComment" resultType="integer"
			order="BEFORE"> select nextval('COMMENT_ID_SEQ') </selectKey>
		INSERT into tb_comment (
		idComment,
		content,
		header,
		dateComment,
		active,
		removed,
		visibleDateFrom,
		visibleDateTo,
		author,
		name
		) VALUES (
		#{idComment},
		#{content},
		#{header},
		#{dateComment},
		#{active},
		#{removed},
		#{visibleDateFrom},
		#{visibleDateTo},
		#{author},
		#{name}
		)
	</insert>

	<insert id="addNews" parameterType="pl.op.model.comment.News">
		<selectKey keyProperty="idNews" resultType="integer" order="BEFORE">
			select nextval('NEWS_ID_SEQ')
		</selectKey>
		INSERT into tb_news (
		idNews,
		content,
		header,
		dateNews,
		active,
		removed,
		visibleDateFrom,
		visibleDateTo,
		author,
		name
		) VALUES (
		#{idNews},
		#{content},
		#{header},
		#{dateNews},
		#{active},
		#{removed},
		#{visibleDateFrom},
		#{visibleDateTo},
		#{author},
		#{name}
		)
	</insert>

	<insert id="addFile" parameterType="pl.op.model.comment.File">
		<selectKey keyProperty="fileId" resultType="integer" order="BEFORE">
			select nextval('FILE_ID_SEQ')
		</selectKey>
		INSERT into tb_file (
		fileId,
		name,
		image,
		url,
		idcomment
		) VALUES (
		#{fileId},
		#{name},
		#{image},
		#{url},
		#{comment.idComment}
		)
	</insert>

	<update id="activateComment" parameterType="integer">
		UPDATE tb_comment SET
		active = 'TRUE'
		WHERE idComment = #{idComment}
	</update>

	<update id="removeComment" parameterType="integer">
		UPDATE tb_comment SET
		removed = 'TRUE',
		active ='FALSE'
		WHERE idComment = #{idComment}
	</update>

	<update id="activateNews" parameterType="integer">
		UPDATE tb_news SET
		active = 'TRUE'
		WHERE idNews = #{idNews}
	</update>

	<update id="removeNews" parameterType="integer">
		UPDATE tb_news SET
		removed = 'TRUE', 
		active ='FALSE'
		WHERE idNews = #{idNews}
	</update>

	<update id="updateNews" parameterType="pl.op.model.comment.News">
		UPDATE tb_news SET
		active =
		#{active},
		name = #{name},
		content = #{content},
		header = #{header},
		dateNews = #{dateNews},
		visibleDateFrom = #{visibleDateFrom},
		visibleDateTo = #{visibleDateTo}
		WHERE idNews = #{idNews}
	</update>

	<update id="updateComment" parameterType="pl.op.model.comment.Comment">
		UPDATE tb_comment SET
		active = #{active},
		name = #{name},
		content = #{content},
		header =
		#{header},
		dateComment = #{dateComment},
		visibleDateFrom =
		#{visibleDateFrom},
		visibleDateTo = #{visibleDateTo}
		WHERE idComment = #{idComment}
	</update>

	<update id="updateFileUrl" parameterType="pl.op.model.comment.File">
		UPDATE tb_file SET
		url = #{url}
		WHERE fileId = #{fileId}
	</update>

</mapper>