<!DOCTYPE mapper PUBLIC "-//mybatis.org//DTD Mapper 3.0//EN" "http://mybatis.org/dtd/mybatis-3-mapper.dtd">

<mapper namespace="pl.op.dao.CommentModuleInterface">
	<resultMap id="CommentMResultMap" type="pl.op.model.comment.CommentModule">
		<id property="commentId" column="commentId" />
		<result property="author" column="author" />
		<result property="content" column="content" />
		<result property="dateComment" column="dateComment" />
		<result property="removed" column="removed" />
		<result property="commentType" column="commentType" />
		<result property="objectId" column="objectId" />
		<result property="likePage" column="likePage" />
		<result property="userOpinion" column="userOpinion" />
	</resultMap>

	<insert id="saveComment" parameterType="pl.op.model.comment.CommentModule">
		<selectKey keyProperty="commentId" resultType="integer"
			order="BEFORE">
			select nextval('comment_id_seq')
		</selectKey>
		insert into tb_comment (
		commentId,
		author,
		content,
		dateComment,
		removed,
		commentType,
		objectId,
		likePage,
		userOpinion
		)values (
		#{commentId},
		#{author},
		#{content},
		#{dateComment},
		FALSE,
		#{commentType},
		#{objectId},
		#{likePage},
		#{userOpinion}
		)
	</insert>

	<select id="getComments" resultType="pl.op.model.comment.CommentModule">
		SELECT *
		FROM tb_comment
		WHERE 
		removed IS NOT TRUE 
		AND objectId = #{objectId}
		AND commentType = #{commentType}
		ORDER BY dateComment DESC
	</select>
	
	<update id="updateComment" parameterType="pl.op.model.comment.CommentModule">
		UPDATE tb_comment SET
		author = #{author},
		content = #{content},
		dateComment = #{dateComment},
		removed = #{removed},
		commentType = #{commentType},
		objectId = #{objectId},
		likePage = #{likePage},
		userOpinion = #{userOpinion}
		WHERE
		commentId = #{commentId}
	</update>
	
	<update id="deleteComment" parameterType="pl.op.model.comment.CommentModule">
		UPDATE tb_comment SET
		removed = TRUE
		WHERE
		commentId = #{commentId}
	</update>
</mapper>