<!DOCTYPE mapper PUBLIC "-//mybatis.org//DTD Mapper 3.0//EN" "http://mybatis.org/dtd/mybatis-3-mapper.dtd">

<mapper namespace="pl.op.dao.DashboardItemInterface">

	<resultMap id="DashboardItemResultMap" type="pl.op.model.dashboard.DashboardItem">
		
		<id property="dashboardItemId" column="dashboardItemId" />
		<result property="dashboardItemName" column="dashboardItemName" />
		<result property="dashboardItemShortName" column="dashboardItemShortName" />
		<result property="orderId" column="orderId" />
		<result property="isActive" column="isActive" />
		<result property="role" column="role" />
		<result property="roleRule" column="roleRule" />
		<result property="unpinnable" column="unpinnable" />
		<result property="size" column="size" />
		
	</resultMap>
	
	<resultMap id="DashboardItemUserResultMap" type="pl.op.model.dashboard.DashboardItemUser">
        
        <id property="dashboardItemUserId" column="dashboardItemUserId" />
        <result property="isDashboardItemUserActive" column="isDashboardItemUserActive" />
        
        <association property="dashboardItem" column="dashboardItemId"
            javaType="pl.op.model.dashboard.DashboardItem">
            <id property="dashboardItemId" column="dashboardItemId" />
            <result property="dashboardItemShortName" column="dashboardItemShortName" />
        </association>
        
        <association property="user" column="userId"
            javaType="pl.op.model.user.UserApp">
            <id property="userId" column="userId" />
        </association>
        
    </resultMap>
	
	<select id="getDashboardItems" resultType="pl.op.model.dashboard.DashboardItem">
		SELECT *
		FROM tb_dashboard_item ORDER BY orderid ASC
	</select>
	
	<select id="getActiveDashboardItems" resultType="pl.op.model.dashboard.DashboardItem">
        SELECT *
        FROM tb_dashboard_item
        WHERE isActive
    </select>
    
    <select id="getUserActiveDashboardItems" resultType="pl.op.model.dashboard.DashboardItem">
        SELECT *
        FROM tb_dashboard_item
        LEFT JOIN tb_dashboard_item_user
        ON tb_dashboard_item.dashboarditemid = tb_dashboard_item_user.dashboarditemid
        WHERE 
        isDashboardItemUserActive 
        AND userId = #{userId}
        ORDER BY tb_dashboard_item.orderid ASC
    </select>
    
    <select id="getUserDashboardItems" resultType="pl.op.model.dashboard.DashboardItem">
        SELECT *
        FROM tb_dashboard_item
        LEFT JOIN tb_dashboard_item_user
        ON tb_dashboard_item.dashboarditemid = tb_dashboard_item_user.dashboarditemid
        WHERE userId = #{userId} ORDER BY tb_dashboard_item.orderid ASC
    </select>

    <select id="getDashboardItemUsersByUserId" resultMap="DashboardItemUserResultMap">
        SELECT *
        FROM tb_dashboard_item_user
        JOIN tb_dashboard_item
        ON tb_dashboard_item_user.dashboarditemid = tb_dashboard_item.dashboarditemid
        JOIN tb_userapp
        ON tb_dashboard_item_user.userid = tb_userapp.userid
        WHERE tb_dashboard_item_user.userId = #{userId}
        ORDER BY tb_dashboard_item.orderid ASC
    </select>

    <insert id="saveDashboardItemUser">
        <selectKey keyProperty="dashboardItemUserId" resultType="integer" order="BEFORE">
            select nextval('dashboarditemuser_id_seq')
        </selectKey>
        insert into tb_dashboard_item_user (
        dashboardItemUserId,
        dashboardItemId,
        userId,
        isDashboardItemUserActive
        )values (
        #{dashboardItemUserId},
        #{dashboardItemId},
        #{userId},
        #{isDashboardItemUserActive}
        )
    </insert>

	<insert id="saveDashboardItem" parameterType="pl.op.model.dashboard.DashboardItem">
		<selectKey keyProperty="dashboardItemId" resultType="integer" order="BEFORE">
			select nextval('dashboard_item_id_seq')
		</selectKey>
		insert into tb_dashboard_item (
		dashboardItemId,
		dashboardItemName,
		dashboardItemShortName,
		orderId,
		role,
		roleRule,
		isActive,
		unpinnable
		)values (
		#{dashboardItemId},
		#{dashboardItemName},
		#{dashboardItemShortName},
		#{orderId},
		#{role},
		#{roleRule},
		#{isActive},
        #{unpinnable}
		)
	</insert>
	
	<update id="updateDashboardItemUser">
        UPDATE tb_dashboard_item_user SET
        isDashboardItemUserActive = #{isDashboardItemUserActive}
        WHERE dashboardItemId = #{dashboardItemId}
        AND userId = #{userId}
    </update>

	<update id="updateDashboardItem" parameterType="pl.op.model.dashboard.DashboardItem">
		UPDATE tb_dashboard_item SET
		dashboardItemName = #{dashboardItemName},
		dashboardItemShortName = #{dashboardItemShortName},
		orderId = #{orderId},
		isActive = #{isActive},
		roleRule = #{roleRule},
		role = #{role},
		roleUser = #{roleUser},
		roleOperator = #{roleOperator},
		roleSalesman = #{roleSalesman},
		unpinnable = #{unpinnable}
		WHERE dashboardItemId = #{dashboardItemId}
	</update>

	<delete id="deleteDashboardItem" parameterType="pl.op.model.dashboard.DashboardItem">
		DELETE FROM tb_dashboard_item
		WHERE
		dashboardItemId = #{dashboardItemId}
	</delete>

	<select id="getDashboardItemById" parameterType="integer" resultType="pl.op.model.dashboard.DashboardItem">
		SELECT *
		FROM tb_dashboard_item
		WHERE dashboardItemId = #{dashboardItemId}
	</select>
	
</mapper>	