<!DOCTYPE mapper PUBLIC "-//mybatis.org//DTD Mapper 3.0//EN" "http://mybatis.org/dtd/mybatis-3-mapper.dtd">

<mapper namespace="pl.op.dao.DeviceTypeInterface">

	<resultMap id="DeviceTypeResultMap" type="pl.op.model.device.DeviceType">
		<id property="deviceTypeId" column="deviceTypeId" />
		<result property="name" column="name" />
		<result property="consumptionLevel" column="consumptionLevel" />
		<result property="deviceType" column="deviceType" />
		<association property="deviceCategory" column="deviceCategoryid"
			javaType="pl.op.model.device.DeviceCategory">
			<id property="deviceCategoryId" column="deviceCategoryId" />
			<result property="name" column="deviceCategoryName" />
			<result property="importance" column="importance" />
			<result property="iconPath" column="iconPath" />
			<result property="iconContent" column="iconContent" />
			<result property="type" column="type" />
			<result property="workTime" column="workTime" />
		</association>
	</resultMap>

	<select id="getDeviceTypes" parameterType="integer"
		resultMap="DeviceTypeResultMap">
		SELECT dt.*, dc.name AS deviceCategoryName
		FROM tb_devicetype dt
		LEFT JOIN tb_devicecategory dc
		ON
		dt.deviceCategoryId = dc.deviceCategoryId
	</select>

	<select id="getDeviceTypesByCategory" parameterType="integer"
		resultType="pl.op.model.device.DeviceType">
		SELECT *
		FROM
		tb_devicetype
		WHERE deviceCategoryid =
		#{categoryId}
	</select>
	
	<select id="getDeviceTypeById" parameterType="integer"
		resultType="pl.op.model.device.DeviceType">
		SELECT *
		FROM
		tb_devicetype
		WHERE deviceTypeId = #{deviceTypeId}
	</select>
	
	<select id="getDevicesTypeByDeviceCategoryId" parameterType="integer" resultType="pl.op.model.device.DeviceCategory">
		SELECT dt.*
		FROM tb_devicetype dt
		JOIN tb_devicecategory dc 
		ON(dt.deviceTypeId = dc.deviceTypeId)
		WHERE dc.deviceCategoryId = #{id}
	</select>
	
	<select id="getDevicesCategoryByDeviceTypesId" parameterType="integer" resultType="pl.op.model.device.DeviceCategory">
		SELECT dc.*
		FROM tb_devicecategory dc
		JOIN tb_devicetype dt 
		ON(dc.deviceCategoryId = dt.deviceCategoryId)
		WHERE dt.deviceTypeId = #{id}
	</select>

	<insert id="saveDeviceType" parameterType="pl.op.model.device.DeviceType">
		<selectKey keyProperty="deviceTypeId" resultType="integer"
			order="BEFORE">
			select nextval('devtype_id_seq')
		</selectKey>
		insert into tb_devicetype (
		deviceTypeId,
		name,
		deviceCategoryId,
		consumptionLevel,
		deviceType
		)values (
		#{deviceTypeId},
		#{name},
		#{deviceCategory.deviceCategoryId},
		#{consumptionLevel},
		#{deviceType}
		)
	</insert>

	<update id="updateDeviceType" parameterType="pl.op.model.device.DeviceType">
		UPDATE tb_devicetype SET
		name = #{name},
		deviceCategoryId = #{deviceCategory.deviceCategoryId},
		consumptionLevel = #{consumptionLevel},
		deviceType = #{deviceType}
		WHERE deviceTypeId = #{deviceTypeId}
	</update>

	<delete id="deleteDeviceType" parameterType="pl.op.model.device.DeviceType">
		DELETE FROM tb_devicetype
		WHERE
		deviceTypeId = #{deviceTypeId}
	</delete>

</mapper>