<!DOCTYPE mapper PUBLIC "-//mybatis.org//DTD Mapper 3.0//EN" "http://mybatis.org/dtd/mybatis-3-mapper.dtd">

<mapper namespace="pl.op.dao.DeviceCategoryInterface">

	<resultMap id="DeviceCategoryResultMap" type="pl.op.model.device.DeviceCategory">
		<id property="deviceCategoryId" column="deviceCategoryId" />
		<result property="name" column="name" />
		<result property="importance" column="importance" />
	</resultMap>

	<select id="getDeviceCategories" resultType="pl.op.model.device.DeviceCategory">
		SELECT *
		FROM tb_devicecategory
		ORDER BY deviceCategoryId ASC
	</select>

	<select id="getDevicesCategoriesById" parameterType="integer" resultType="pl.op.model.device.DeviceCategory">
		SELECT *
		FROM tb_devicecategory
		WHERE deviceCategoryId = #{id}
	</select>
	
	<select id="getDevicesCategoriesByDeviceTypeId" parameterType="integer" resultType="pl.op.model.device.DeviceCategory">
		SELECT dc.*
		FROM tb_devicecategory dc
		JOIN tb_devicetype dt 
		ON(dt.deviceCategoryId = dc.deviceCategoryId)
		WHERE dt.deviceTypeId = #{id}
	</select>

	<insert id="saveDeviceCategory" parameterType="pl.op.model.device.DeviceCategory">
		<selectKey keyProperty="deviceCategoryId" resultType="integer"
			order="BEFORE">
			select nextval('devcategory_id_seq')
		</selectKey>
		insert into tb_devicecategory (
		deviceCategoryId,
		importance,
		name
		)values (
		#{deviceCategoryId},
		#{importance},
		#{name}
		)
	</insert>

	<update id="updateDeviceCategory" parameterType="pl.op.model.device.DeviceCategory">
		UPDATE
		tb_devicecategory SET
		importance = #{importance},
		name = #{name}
		WHERE deviceCategoryId =
		#{deviceCategoryId}
	</update>
	<delete id="deleteDeviceCategory" parameterType="pl.op.model.device.DeviceCategory">
		DELETE FROM tb_devicecategory
		WHERE deviceCategoryId = #{deviceCategoryId}
	</delete>

</mapper>