<!DOCTYPE mapper PUBLIC "-//mybatis.org//DTD Mapper 3.0//EN" "http://mybatis.org/dtd/mybatis-3-mapper.dtd">

<mapper namespace="pl.op.dao.DeviceInterface">

	<resultMap id="DeviceResultMap" type="pl.op.model.device.Device">
		<id property="deviceId" column="deviceId" />
		<result property="devicePower" column="devicePower" />
		<result property="quantity" column="quantity" />
		<result property="dailyConsumption" column="dailyConsumption" />
		<result property="energyClass" column="energyClass" />
		<result property="hours" column="hours" />
		<result property="minutes" column="minutes" />
		<association property="location" column="locationid"
			javaType="pl.op.model.contract.Location">
			<id property="locationId" column="locationId" />
			<result property="isCity" column="isCity" />
			<result property="flatNo" column="flatNo" />
			<result property="homeNo" column="homeNo" />
			<result property="province" column="province" />
			<result property="street" column="street" />
			<result property="zipCode" column="zipCode" />
		</association>
		<association property="deviceType" column="deviceTypeid"
			javaType="pl.op.model.device.DeviceType">
			<id property="deviceTypeId" column="deviceTypeId" />
			<result property="name" column="name" />
			<result property="deviceType" column="deviceType" />
			<association property="deviceCategory" column="deviceCategoryId" resultMap="pl.op.dao.DeviceCategoryInterface.DeviceCategoryResultMap" />
		</association>
	</resultMap>

	<select id="getDevices" resultType="pl.op.model.device.Device">
		SELECT *
		FROM tb_device
	</select>

	<insert id="saveDevice" parameterType="pl.op.model.device.Device">
		<selectKey keyProperty="deviceId" resultType="integer"
			order="BEFORE">
			select nextval('device_id_seq')
		</selectKey>
		insert into tb_device (
		deviceId,
		devicePower,
		quantity,
		dailyConsumption,
		energyClass,
		locationId,
		deviceTypeId,
		removed
		)values (
		#{deviceId},
		#{devicePower},
		#{quantity},
		#{dailyConsumption},
		#{energyClass},
		#{location.locationId},
		#{deviceType.deviceTypeId},
		false
		)
	</insert>

	<update id="updateDevice" parameterType="pl.op.model.device.Device">
		UPDATE tb_device SET
		devicePower = #{devicePower},
		quantity = #{quantity},
		dailyConsumption = #{dailyConsumption},
		energyClass = #{energyClass},
		locationId = #{location.locationId},
		deviceTypeId = #{deviceType.deviceTypeId},
		removed = #{removed}
		WHERE deviceId = #{deviceId}
	</update>

	<delete id="deleteDevice" parameterType="pl.op.model.device.Device">
		DELETE FROM tb_device
		WHERE
		deviceId = #{deviceId}
	</delete>

	<update id="removeAllDeviceByLocation" parameterType="Integer">
		UPDATE tb_device SET
		removed = true
		WHERE locationId = #{locationId}
	</update>
</mapper>