<!DOCTYPE mapper PUBLIC "-//mybatis.org//DTD Mapper 3.0//EN" "http://mybatis.org/dtd/mybatis-3-mapper.dtd">

<mapper namespace="pl.op.dao.DistributorInterface">

	<resultMap id="DistributorResultMap" type="pl.op.model.dict.Distributor">
		<id property="distributorId" column="distributorId" />
		<result property="name" column="name" />
	</resultMap>

	<select id="getDistributors" resultType="pl.op.model.dict.Distributor">
		SELECT *
		FROM
		tb_distributor
	</select>

	<insert id="saveDistributor" parameterType="pl.op.model.dict.Distributor">
		<selectKey keyProperty="distributorId" resultType="integer"
			order="BEFORE">
			select nextval('distributor_id_seq')
		</selectKey>
		insert into tb_distributor (
		distributorId,
		name,
		RSS,
		hasRSS
		)values (
		#{distributorId},
		#{name},
		#{RSS},
		#{hasRSS}
		)
	</insert>

	<delete id="deleteDistributor" parameterType="pl.op.model.dict.Distributor">
		DELETE FROM
		tb_distributor
		WHERE
		distributorId = #{distributorId}
	</delete>

	<update id="updateDistributor" parameterType="pl.op.model.dict.Distributor">
		UPDATE
		tb_distributor SET
		name = #{name},
		hasRSS = #{hasRSS},
		RSS = #{RSS}
		WHERE distributorId = #{distributorId}
	</update>

	<select id="getDistributorById" parameterType="integer"
		resultType="pl.op.model.dict.Distributor">
		SELECT *
		FROM tb_distributor
		WHERE distributorId=#{id}
	</select>

	<select id="getDistributorByName" parameterType="String"
		resultType="pl.op.model.dict.Distributor">
		SELECT *
		FROM tb_distributor
		WHERE name=#{name}
	</select>
</mapper>