<!DOCTYPE mapper PUBLIC "-//mybatis.org//DTD Mapper 3.0//EN" "http://mybatis.org/dtd/mybatis-3-mapper.dtd">

<mapper namespace="pl.op.dao.DynamicTextInterface">

	<resultMap type="pl.op.dynamicText.DynamicText" id="DynamicTextResultMap">
		<result property="dynamicTextId" column="dynamicTextId" />
		<result property="dynamicTextName" column="dynamicTextName" />
		<result property="dynamicTextValue" column="dynamicTextValue" />
	</resultMap>

	<select id="getDynamicTextList" parameterType="pl.op.dynamicText.DynamicText"
		resultType="pl.op.dynamicText.DynamicText">
		SELECT *
		FROM tb_dynamicText
	</select>

	<update id="updateDynamicText" parameterType="pl.op.dynamicText.DynamicText">
		UPDATE tb_dynamicText SET
		dynamicTextValue = #{dynamicTextValue}
		WHERE dynamicTextId = #{dynamicTextId}
	</update>
	
	<select id="getDynamicTextByType" parameterType="String"
		resultType="pl.op.dynamicText.DynamicText">
		SELECT *
		FROM tb_dynamicText WHERE dynamicTextType = #{type}
		LIMIT 1
	</select>
	
	<insert id="saveDynamicText" parameterType="pl.op.dynamicText.DynamicText">
		<selectKey keyProperty="dynamicTextId" resultType="int"
			order="BEFORE">
			select nextval('dynamicText_id_seq')
		</selectKey>
		INSERT INTO tb_dynamicText (
			dynamicTextId,
			dynamicTextName,
			dynamicTextValue,
			dynamicTextType
		)VALUES(
			#{dynamicTextId},
			#{dynamicTextName},
			#{dynamicTextValue},
			#{dynamicTextType}
		)
	</insert>
</mapper>