<!DOCTYPE mapper PUBLIC "-//mybatis.org//DTD Mapper 3.0//EN" "http://mybatis.org/dtd/mybatis-3-mapper.dtd">

<mapper namespace="pl.op.dao.EmailInterface">

    <resultMap id="EmailResultMap" type="pl.op.model.dict.Email">
        <id property="emailId" column="emailId" />
        <result property="email" column="email" />
        <result property="category" column="category" />
        <result property="removed" column="removed" />        
    </resultMap>

    <select id="getEmailListPart" resultMap="EmailResultMap">
        (SELECT e.* 
        FROM tb_email e
        WHERE emailId BETWEEN #{start} AND #{end} AND category = #{category}
        )
        ORDER BY email ASC
    </select>
    
    
    
    <select id="getEmailByFiltr" parameterType="pl.op.model.dict.Email" resultMap="EmailResultMap">
        (SELECT e.* 
        FROM tb_email e WHERE e.emailId > 0
        				
		<if test="email != null and !''.equals(email)"> AND e.email ~* #{email} </if>
                <if test="category != null and !''.equals(category)"> AND e.category ~* #{category} </if>
                
        )
        ORDER BY email ASC
    </select>

    <select id="getEmailList" resultMap="EmailResultMap">
        (SELECT e.* 
        FROM tb_email e
        )
        ORDER BY email ASC
    </select>
    
    <select id="getEmailCount" resultType="integer">
        (SELECT count(* )
        FROM tb_email e
        )        
    </select>
    
    <select id="getEmailMaxId" parameterType="string" resultType="integer">
        (select max(emailid) 
        from tb_email where category = #{category}
        )        
    </select>
    
    <select id="getCategory" resultType="String">
        (
        select category from tb_email group by category
        )
    </select>

    <insert id="saveEmail" parameterType="pl.op.model.dict.Email">
        <selectKey keyProperty="emailId" resultType="integer" order="BEFORE">
            select nextval('email_id_seq')
        </selectKey>
        insert into tb_email (
        emailid,
        email,
        category,
        removed		
        )values (
        #{emailId},
        #{email},
        #{category},
        #{removed}		
        )
    </insert>
    
    <insert id="saveEmailNoExist"  parameterType="pl.op.model.dict.Email">
        <selectKey keyProperty="emailId" resultType="integer" order="BEFORE">
            select nextval('email_id_seq')
        </selectKey>
        insert into tb_email (
        emailid,
        email,
        removed,
        category
        		
        ) select #{emailId}, #{email}, #{removed}, #{category} where NOT EXISTS (select email FROM tb_email WHERE email = #{email} )             
    </insert>
        
    <update id="updateEmail" parameterType="pl.op.model.dict.Email">
        UPDATE tb_email SET
        email = #{email},
        emailId = #{emailId},		
        category = #{category},	
        removed = #{removed}
        WHERE emailId = #{emailId}
    </update>
        
    <delete id="deleteEmail" parameterType="pl.op.model.dict.Email">
        DELETE FROM tb_email
        WHERE
        emailId = #{emailId}
    </delete>
</mapper>