<!DOCTYPE mapper PUBLIC "-//mybatis.org//DTD Mapper 3.0//EN" "http://mybatis.org/dtd/mybatis-3-mapper.dtd">

<mapper namespace="pl.op.dao.EventInterface">

	<resultMap id="EventResultMap" type="pl.op.model.bonus.Event">
		<id property="eventId" column="eventId" />
		<result property="eventName" column="eventName" />
		<result property="eventCodeName" column="eventCodeName" />
		<result property="eventDescription" column="eventDescription" />
	</resultMap>
	
	<select id="getEvents" resultType="pl.op.model.bonus.Event">
		SELECT *
		FROM tb_event
	</select>

	<select id="getEventById" parameterType="integer" resultType="pl.op.model.bonus.Event">
		SELECT *
		FROM tb_event
		WHERE eventId = #{id}
	</select>

	<select id="getEventByCodeName" parameterType="string" resultType="pl.op.model.bonus.Event">
		SELECT *
		FROM tb_event
		WHERE eventCodeName = #{codeName}
	</select>

	<insert id="saveEvent" parameterType="pl.op.model.bonus.Event">
		<selectKey keyProperty="eventId" resultType="integer" order="BEFORE">
			select nextval('event_id_seq')
		</selectKey>
		insert into tb_event (
		eventId,
		eventName,
		eventCodeName,
		eventDescription
		)values (
		#{eventId},
		#{eventName},
		#{eventCodeName},
		#{eventDescription}
		)
	</insert>

	<update id="updateEvent" parameterType="pl.op.model.bonus.Event">
		UPDATE tb_event SET
		eventName = #{eventName},
		eventCodeName = #{eventCodeName},
		eventDescription = #{eventDescription}
		WHERE eventId = #{eventId}
	</update>

	<delete id="deleteEvent" parameterType="pl.op.model.bonus.Event">
		DELETE FROM tb_event
		WHERE
		eventId = #{eventId}
	</delete>
	
</mapper>	