<!DOCTYPE mapper PUBLIC "-//mybatis.org//DTD Mapper 3.0//EN" "http://mybatis.org/dtd/mybatis-3-mapper.dtd">

<mapper namespace="pl.op.dao.FaqInterface">

	<resultMap id="FaqResultMap" type="pl.op.model.faq.Faq">
		<id property="askQuestionId" column="askQuestionId" />
		<result property="question" column="question" />
		<result property="removed" column="removed" />
		<result property="questionType" column="questionType" />
		<result property="questionAnswer" column="questionAnswer" />
		<result property="visible" column="visible" />
	</resultMap>

	<select id="getFaqByQuestionType" parameterType="String" resultType="pl.op.model.faq.Faq">
		SELECT *
		FROM tb_faq
		WHERE
		removed = 'FALSE' AND visible = 'TRUE' AND
		questionType = #{type}
		ORDER BY question ASC
	</select>

	<select id="getFaqByMessageId" parameterType="Integer" resultType="pl.op.model.faq.Faq">
		SELECT *
		FROM tb_faq
		WHERE
		messageId = #{messageId}
	</select>

	<select id="showFaq" resultType="pl.op.model.faq.Faq">
		SELECT *
		FROM tb_faq
		WHERE
		removed = 'FALSE'
		AND
		visible = 'TRUE'
	</select>

	<select id="getFaq" resultType="pl.op.model.faq.Faq">
		SELECT *
		FROM tb_faq
		WHERE
		removed = 'FALSE'
	</select>

	<insert id="newFaq" parameterType="pl.op.model.faq.Faq">
		<selectKey keyProperty="askQuestionId" resultType="integer"
			order="BEFORE">
			select nextval('faq_id_seq')
		</selectKey>
		INSERT INTO tb_faq (
		askQuestionId,
		question,
		removed,
		questionType,
		questionAnswer,
		visible,
		messageId
		)values (
		#{askQuestionId},
		#{question},
		#{removed},
		#{questionType},
		#{questionAnswer},
		#{visible},
		#{message.messageId}
		)
	</insert>

	<update id="updateFaq" parameterType="pl.op.model.faq.Faq">
		UPDATE tb_faq SET
		question = #{question},
		questionType = #{questionType},
		questionAnswer = #{questionAnswer},
		removed = #{removed},
		visible = #{visible}
		WHERE askQuestionId = #{askQuestionId}
	</update>

	<update id="deleteFaq" parameterType="pl.op.model.faq.Faq">
		UPDATE tb_faq SET
		removed = 'TRUE'
		WHERE askQuestionId = #{askQuestionId}
	</update>

</mapper>