<!DOCTYPE mapper PUBLIC "-//mybatis.org//DTD Mapper 3.0//EN" "http://mybatis.org/dtd/mybatis-3-mapper.dtd">

<mapper namespace="pl.op.dao.InvoiceInterface">

	<resultMap id="InvoiceResultMap" type="pl.op.model.contract.Invoice">
		<id property="invoiceId" column="invoiceId" />
		<result property="dateFrom" column="dateFrom" />
		<result property="dateTo" column="dateTo" />
		<result property="netValue" column="netValue" />
		<result property="usagePower" column="usagePower" />
		<collection property="invoicePriceComponentValue" resultMap="invoicePriceValueResultMap" />
	</resultMap>
	
	<resultMap id="invoicePriceValueResultMap" type="pl.op.model.contract.InvoicePriceComponentValue">
        <id property="priceComponentValueId" column="priceComponentValueId" />
        <result property="value" column="value" />
        <result property="amount" column="amount" />
        <association property="priceComponent" column="priceComponentId"
            javaType="pl.op.model.auction.PriceComponent">
            <id property="priceComponentId" column="priceComponentId" />
            <result property="currency" column="currency" />
            <result property="description" column="description" />
            <result property="isConstant" column="isConstant" />
            <result property="name" column="name" />
            <result property="zoneType" column="zoneType" />    
        </association>
    </resultMap>

	<insert id="saveInvoice" parameterType="pl.op.model.contract.Invoice">
		<selectKey keyProperty="invoiceId" resultType="integer"
			order="BEFORE">
			select nextval('invoice_id_seq')
		</selectKey>
		insert into tb_invoice (
		invoiceId,
		dateFrom,
		dateTo,
		usagePower,
		netValue,
		ppeId
		)values (
		#{invoiceId},
		#{dateFrom},
		#{dateTo},
		#{usagePower},
		#{netValue},
		#{ppe.ppeId}
		)
	</insert>
	
	<update id="updateInvoice" parameterType="pl.op.model.contract.Invoice">
        UPDATE tb_invoice SET 
        dateFrom = #{dateFrom},
        dateTo = #{dateTo},
        usagePower = #{usagePower},
        netValue = #{netValue},
        ppeId = #{ppe.ppeId} 
        WHERE invoiceId = #{invoiceId}
    </update>
    
    <delete id="removeInvoice" parameterType="pl.op.model.contract.Invoice">
       DELETE FROM tb_invoice
       WHERE invoiceId = #{invoiceId}
    </delete>
    
    <delete id="removeInvoicePriceComponentValues" parameterType="pl.op.model.contract.Invoice">
       DELETE FROM tb_invoicepricecomponentvalue
       WHERE invoiceId = #{invoiceId}
    </delete>

	<select id="getPPEPriceComponents" parameterType="pl.op.model.contract.PPE"
		resultType="pl.op.model.auction.PriceComponent">
		SELECT c.*
		FROM
		tb_pricecomponent c
		JOIN
		tb_tariffpricecomponent tc
		ON tc.priceComponentId =
		c.priceComponentId
		WHERE tc.tariffId
		=
		#{tariff.tariffId}
		ORDER BY c.isConstant
	</select>
	
	<insert id="savePriceComponentValue" parameterType="pl.op.model.contract.InvoicePriceComponentValue">
		<selectKey keyProperty="priceComponentValueId" resultType="integer"
			order="BEFORE">
			select nextval('invopricevalue_id_seq')
		</selectKey>
		insert into tb_invoicepricecomponentvalue (
		priceComponentValueId,
		value,
		amount,
		priceComponentId,
		invoiceId
		)values (
		#{priceComponentValueId},
		#{value},
		#{amount},
		#{priceComponent.priceComponentId},
		#{invoice.invoiceId}
		)
	</insert>
	
	
	<update id="updateInvoicePriceComponentValue" parameterType="pl.op.model.contract.InvoicePriceComponentValue">
        UPDATE tb_invoicepricecomponentvalue 
        SET value = #{value},
        amount = #{amount},
        priceComponentId = #{priceComponent.priceComponentId},
        invoiceId = #{invoice.invoiceId}
        WHERE priceComponentValueId = #{priceComponentValueId}
    </update>
	
	<select id="getLastInvoiceByPpeId" parameterType="integer"
		resultMap="InvoiceResultMap">
		SELECT i.invoiceId, i.*, ipcv.*, pc.*
		FROM tb_invoice i
		LEFT JOIN tb_invoicepricecomponentvalue ipcv ON ipcv.invoiceId = i.invoiceId
		LEFT JOIN tb_pricecomponent pc ON ipcv.priceComponentId = pc.priceComponentId
		WHERE i.ppeId = #{id}
		ORDER BY i.dateTo DESC
	</select>
	
	<select id="getInvoicesByPpeId" parameterType="integer"
        resultMap="InvoiceResultMap">
        SELECT i.*, pc.*, ipcv.*
        FROM tb_invoice i
        LEFT JOIN tb_invoicepricecomponentvalue ipcv
            ON ipcv.invoiceId = i.invoiceId
        LEFT JOIN tb_pricecomponent pc
            ON ipcv.priceComponentId = pc.priceComponentId
        WHERE i.ppeId = #{id}
    </select>
	
	<select id="searchInvoices" parameterType="pl.op.model.contract.Invoice"
        resultMap="InvoiceResultMap">
        SELECT i.*, pc.*, ipcv.*
        FROM tb_invoice i
        LEFT JOIN tb_invoicepricecomponentvalue ipcv
            ON ipcv.invoiceId = i.invoiceId
        LEFT JOIN tb_pricecomponent pc
            ON ipcv.priceComponentId = pc.priceComponentId
        WHERE 1=1
        <if test="dateFrom != null">
			and i.dateFrom <![CDATA[>=]]> #{dateFrom}
		</if>
        <if test="dateTo != null">
			and i.dateTo <![CDATA[<=]]> #{dateTo}
		</if>
        <if test="ppeId != null">
			and i.ppeId = #{ppeId}
		</if>
    </select>
	
</mapper>