<!DOCTYPE mapper PUBLIC "-//mybatis.org//DTD Mapper 3.0//EN" "http://mybatis.org/dtd/mybatis-3-mapper.dtd">

<mapper namespace="pl.op.dao.LocationInterface">

	<resultMap id="LocationResultMap" type="pl.op.model.contract.Location">
		<id property="locationId" column="locationId" />
		<result property="flatNo" column="flatNo" />
		<result property="homeNo" column="homeNo" />
		<result property="zipCode" column="zipCode" />
		<association property="userApp" column="userid" javaType="pl.op.model.user.UserApp">
			<id property="userId" column="userId" />
			<result property="login" column="login" />
			<result property="firstName" column="firstName" />
			<result property="surname" column="surname" />
			<result property="creationDate" column="creationDate" />
			<association property="sector" column="sector" javaType="pl.op.model.stereotype.Sector">
				<id property="sectorId" column="sectorId" />
				<association property="stereotype" column="stereotype" javaType="pl.op.model.stereotype.Stereotype">
					<id property="stereotypeId" column="stereotypeId" />
					<result property="stereotypeName" column="stereotypeName" />
				</association>	
			</association>
		</association>
		<association property="building" column="buildingid"
			javaType="pl.op.model.stereotype.Building">
			<id property="buildingId" column="buildingId" />
			<result property="area" column="area" />
	        <result property="heatingWaterType" column="heatingWaterType" />
	        <result property="heatingBuildingType" column="heatingBuildingType" />
	        <result property="roomNo" column="roomNo" />
	        <result property="warmBuildingOutside" column="warmBuildingOutside" />
	        <result property="windowsType" column="windowsType" />
	        <result property="isolationBuildingTime" column="isolationBuildingTime" />
	        <result property="personsNoKids" column="personsNoKids" />
	        <result property="personsNoAdults" column="personsNoAdults" />
	        <result property="floor" column="floor" />
	        <result property="buildingType" column="buildingType" />
	        <result property="acType" column="acType" />
	        <result property="bulbs" column="bulbs" />
	        <result property="year" column="year" />
	        <result property="isProperty" column="isProperty" />
	        <result property="certificate" column="certificate" />
		</association>
		<association property="street" column="streetId" resultMap="pl.op.dao.StreetInterface.StreetResultMap" />
                
		<collection property="ppes" ofType="pl.op.model.contract.PPE">
			<id property="ppeId" column="ppeId" />
			<result property="value" column="value" />
		</collection>
		<collection property="devices" resultMap="pl.op.dao.DeviceInterface.DeviceResultMap" />
	</resultMap>

	<delete id="deleteLocation" parameterType="pl.op.model.contract.Location">
		DELETE FROM
		tb_location
		WHERE
		locationId = #{locationId}
	</delete>

	<select id="getLocationByUserApp" parameterType="pl.op.model.user.UserApp" resultMap="LocationResultMap" >
		SELECT DISTINCT l.locationId as locationId,
			l.flatNo as flatNo,
			l.homeNo as homeNo,
			l.zipCode as zipCode, 
			b.buildingId as buildingId,
			b.area as area,
			b.buildingType as buildingType,
			b.heatingWaterType as heatingWaterType,
			b.heatingBuildingType as heatingBuildingType,
			b.roomNo as roomNo,
			b.warmBuildingOutside as warmBuildingOutside,
			b.windowsType as windowsType,
			b.isolationBuildingTime as isolationBuildingTime,
			b.personsNoAdults as personsNoAdults,
			b.personsNoKids as personsNoKids,
			b.acType as acType,
			b.certificate as certificate,
			b.bulbs as bulbs,
			b.floor as floor,
			b.year as year,
			b.isProperty as isProperty,
			ul.streetId as streetId,
			ul.streetName as streetName,
			c.cityId as cityId,
			c.cityName as cityName,
			c.hasStatus as hasStatus,
			a.areaId as areaId,
			a.areaName as areaName,
			d.deviceId as deviceId,
			d.devicePower as devicePower,
			d.quantity as quantity,
			d.dailyConsumption as dailyConsumption,
			d.energyClass as energyClass,
			dt.deviceTypeid as deviceTypeid,
			dt.name as name,
			dt.deviceType as deviceType,
			dc.deviceCategoryId as deviceCategoryId,
			dc.name as dc_name,
			dc.importance as importance,
			p.ppeId as ppeId,
			p.value as value
		FROM tb_location l
		LEFT JOIN tb_building b ON b.buildingId = l.buildingId
		LEFT JOIN tb_street ul ON ul.streetId = l.streetId
		LEFT JOIN tb_city c ON c.cityId = ul.cityId
		LEFT JOIN tb_area a ON a.areaId = c.areaId
		LEFT OUTER JOIN tb_device d ON (d.locationId = l.locationId AND d.removed IS NOT TRUE)
		LEFT JOIN tb_devicetype dt ON dt.deviceTypeId = d.deviceTypeId
		LEFT JOIN tb_devicecategory dc ON dc.deviceCategoryId = dt.deviceCategoryId
		LEFT JOIN tb_ppe p ON p.locationId = l.locationId 
		WHERE l.userid = #{userId} AND p.removed IS NOT TRUE
	</select>

	<insert id="saveLocation" parameterType="pl.op.model.contract.Location"
		useGeneratedKeys="true" keyProperty="locationId">
		<selectKey keyProperty="locationId" resultType="integer"
			order="BEFORE">
			select nextval('location_id_seq')
		</selectKey>
		insert into tb_location (
		locationId,
		flatNo,
		homeNo,
		zipCode,
		streetId,
		buildingid,
		userid
		)values
		(
		#{locationId},
		#{flatNo},
		#{homeNo},
		#{zipCode},
		#{street.streetId},
		#{building.buildingId},
		#{userApp.userId}
		)
	</insert>
	
	<update id="updateLocation" parameterType="pl.op.model.contract.Location">
		UPDATE tb_location
		SET
		flatNo = #{flatNo},
		homeNo = #{homeNo},
		zipCode = #{zipCode},
		streetId = #{street.streetId}
		WHERE locationId = #{locationId}
	</update>
</mapper>