<!DOCTYPE mapper PUBLIC "-//mybatis.org//DTD Mapper 3.0//EN" "http://mybatis.org/dtd/mybatis-3-mapper.dtd">

<mapper namespace="pl.op.dao.MeasureInterface">

	<resultMap id="measureResultMap" type="pl.op.model.contract.Measure">
		<id property="measureId" column="measureId" />
		<result property="dateFrom" column="dateFrom" />
		<result property="dateTo" column="dateTo" />
		<result property="measureDate" column="measureDate" />
		<result property="value" column="value" />
		<result property="valueUnit" column="valueUnit" />
		<result property="zoneType" column="zoneType" />
		<result property="priority" column="priority" />
		<association property="invoice" column="invoiceId" javaType="pl.op.model.contract.Invoice">
			<id property="invoiceId" column="i_invoiceId" />
		</association>
	</resultMap>

	<insert id="saveMeasure" parameterType="pl.op.model.contract.Measure">
		<selectKey keyProperty="measureId" resultType="integer"
			order="BEFORE">
			select nextval('measure_id_seq')
		</selectKey>
		insert into tb_measure (
		measureId,
		dateFrom,
		dateTo,
		measureDate,
		value,
		valueUnit,
		zoneType,
		ppeId,
		obisId,
		priority,
		invoiceId
		)values (
		#{measureId},
		#{dateFrom},
		#{dateTo},
		#{measureDate},
		#{value},
		#{valueUnit},
		#{zoneType},
		#{ppe.ppeId},
		#{obis.obisId},
		#{priority},
		#{invoice.invoiceId}
		)
	</insert>
	
	<delete id="removeMeasureByInvoiceId" parameterType="Integer">
	   DELETE FROM tb_measure
	   WHERE invoiceId = #{invoice.invoiceId}
	</delete>
	
	<select id="getMeasureByFilter" parameterType="pl.op.model.contract.MeasureFilter" resultMap="measureResultMap">
		SELECT m.*, i.invoiceId as i_invoiceId
		FROM tb_measure m
		LEFT JOIN tb_invoice i
		ON i.invoiceId = m.invoiceId
		WHERE 
		m.ppeId = #{ppeId}
		<if test="priority != null">
			AND m.priority = #{priority}
			<if test="priority.equals('hight')">
				AND m.dateFrom <![CDATA[ >= ]]> #{dateFrom} AND m.dateFrom <![CDATA[ <= ]]> #{dateTo}
			</if>
			<if test="priority.equals('medium')">
				<if test="dateFrom != null and dateTo != null">
					AND ((m.dateFrom  <![CDATA[ >= ]]> #{dateFrom} AND m.dateFrom  <![CDATA[ <= ]]> #{dateTo}) OR (m.dateTo  <![CDATA[ >= ]]> #{dateFrom} AND m.dateTo  <![CDATA[ < ]]> #{dateTo}))
				</if>
				<if test="dateFrom != null and dateTo == null">
					AND (dateFrom <![CDATA[ <= ]]> #{dateFrom} AND dateTo <![CDATA[ >= ]]> #{dateFrom})
				</if>
			</if>
		</if>
		<if test="priority == null">
			<if test="dateFrom != null and dateTo != null">
				AND (m.dateFrom  <![CDATA[ >= ]]> #{dateFrom} AND m.dateFrom  <![CDATA[ <= ]]> #{dateTo}) OR ((m.dateTo  <![CDATA[ >= ]]> #{dateFrom} AND m.dateTo  <![CDATA[ < ]]> #{dateTo}) OR m.dateTo IS NULL)
			</if>
		</if>
		ORDER BY m.dateFrom ASC
	</select>
</mapper>