<!DOCTYPE mapper PUBLIC "-//mybatis.org//DTD Mapper 3.0//EN" "http://mybatis.org/dtd/mybatis-3-mapper.dtd">

<mapper namespace="pl.op.dao.MessageRecommendationsInterface">

	<resultMap id="MessageRecommendationsResultMap" type="pl.op.model.dict.MessageRecommendations">
		<id property="messageRecommendationsId" column="messageRecommendationsId" />
		<result property="content" column="content" />
		<result property="contentTruncate"/>
		<result property="writeDate" column="writeDate" />
		<result property="isConstant" column="isConstant" />
		<result property="dateFrom" column="dateFrom" />
		<result property="dateTo" column="dateTo" />
		<association property="tariff" column="tariffId"
			javaType="pl.op.model.dict.Tariff">
			<id property="tariffId" column="tariffId" />
			<result property="tariffName" column="tariffName" />
			<result property="removed" column="removed" />
		</association>
		<association property="deviceType" column="deviceTypeId"
			javaType="pl.op.model.device.DeviceType">
			<id property="deviceTypeId" column="deviceTypeId" />
			<result property="name" column="name" />
			<result property="removed" column="removed" />
		</association>
	</resultMap>
	
	<select id="getMessageRecommendations" resultMap="MessageRecommendationsResultMap">
		SELECT mr.*, dt.*, t.*
		FROM tb_messagerecommendations mr
		LEFT JOIN tb_devicetype dt
		ON dt.deviceTypeId = mr.deviceTypeId
		LEFT JOIN tb_tariff t
		ON t.tariffId = mr.tariffId
	</select>
	
	<select id="getMessageRecommendationsAllByNull" resultMap="MessageRecommendationsResultMap">
		SELECT mr.*
		FROM tb_messagerecommendations mr
		WHERE mr.tariffId is NULL AND mr.deviceTypeId is NULL
		AND mr.isConstant = #{constant}
	</select>
	
	<select id="getMessageRecommendationsAllByDeviceTypeId" resultMap="MessageRecommendationsResultMap">
		SELECT mr.* , dt.*
		FROM tb_messagerecommendations mr
		LEFT JOIN tb_devicetype dt
		ON dt.deviceTypeId = mr.deviceTypeId
		WHERE mr.tariffId is NULL AND mr.deviceTypeId = #{dtId}
		AND mr.isConstant = #{constant}
	</select>
	
	<select id="getMessageRecommendationsAllByTariffId" resultMap="MessageRecommendationsResultMap">
		SELECT mr.* , t.*
		FROM tb_messagerecommendations mr
		LEFT JOIN tb_tariff t
		ON t.tariffId = mr.tariffId
		WHERE mr.tariffId = #{tId} AND mr.deviceTypeId is NULL
		AND mr.isConstant = #{constant}
	</select>
	
	<select id="getMessageRecommendationsAllByDeviceTypeIdAndTariffId" resultMap="MessageRecommendationsResultMap">
		SELECT mr.* , dt.* , t.*
		FROM tb_messagerecommendations mr
		LEFT JOIN tb_devicetype dt
		ON dt.deviceTypeId = mr.deviceTypeId
		LEFT JOIN tb_tariff t
		ON t.tariffId = mr.tariffId
		WHERE mr.tariffId = #{tId} AND mr.deviceTypeId = #{dtId}
		AND mr.isConstant = #{constant}
	</select>

	<select id="getMessageRecommendationsById" parameterType="integer" resultMap="MessageRecommendationsResultMap">
		SELECT mr.*
		FROM tb_messagerecommendations mr
		WHERE mr.messageRecommendationsId = #{id}
	</select>

	<insert id="saveMessageRecommendations" parameterType="pl.op.model.dict.MessageRecommendations">
		<selectKey keyProperty="messageRecommendationsId" resultType="integer" order="BEFORE">
			select nextval('messagerecommendations_id_seq')
		</selectKey>
		insert into tb_messagerecommendations (
		messageRecommendationsId,
		content,
		writeDate,
		isConstant,
		dateFrom,
		dateTo,
		tariffId,
		deviceTypeId
		)values (
		#{messageRecommendationsId},
		#{content},
		#{writeDate},
		#{isConstant},
		#{dateFrom},
		#{dateTo},
		<if test="tariff != null">#{tariff.tariffId}</if><if test="tariff == null">NULL</if>,
		<if test="deviceType != null">#{deviceType.deviceTypeId}</if><if test="deviceType == null">NULL</if>
		)
	</insert>

	<update id="updateMessageRecommendations" parameterType="pl.op.model.dict.MessageRecommendations">
		UPDATE tb_messagerecommendations SET
		content = #{content},
		writeDate = #{writeDate},
		isConstant = #{isConstant},
		dateFrom = #{dateFrom},
		dateTo = #{dateTo},
		tariffId = <if test="tariff != null">#{tariff.tariffId}</if><if test="tariff == null">NULL</if>,
		deviceTypeId = <if test="deviceType != null">#{deviceType.deviceTypeId}</if><if test="deviceType == null">NULL</if>
		WHERE
		messageRecommendationsId = #{messageRecommendationsId}
	</update>

	<delete id="deleteMessageRecommendations" parameterType="pl.op.model.dict.MessageRecommendations">
		DELETE FROM tb_messagerecommendations
		WHERE
		messageRecommendationsId = #{messageRecommendationsId}
	</delete>
	
</mapper>	