<!DOCTYPE mapper PUBLIC "-//mybatis.org//DTD Mapper 3.0//EN" "http://mybatis.org/dtd/mybatis-3-mapper.dtd">

<mapper namespace="pl.op.dao.MessageInterface">

	<resultMap id="MessageResultMap" type="pl.op.model.msg.Message">
		<id property="messageId" column="messageId" />
		<result property="topic" column="topic" />
		<result property="content" column="content" />
		<result property="sendTime" column="sendTime" />
		<result property="priority" column="priority" />
		<result property="receiverGroup" column="receiverGroup" />
		<collection property="messageSender" javaType="pl.op.model.msg.MessageSender">
			<result property="removed" column="removed" />
			<association property="user" javaType="pl.op.model.user.UserApp">
				<id property="userId" column="sender_userId" />
				<result property="firstName" column="sender_firstName" />
				<result property="surname" column="sender_surname" />
			</association>
		</collection>
		<collection property="selectedReceivers" javaType="ArrayList"
			ofType="pl.op.model.msg.UserToMessage">
			<id property="userToMessageId" column="userToMessageId" />
			<result property="removed" column="removed" />
			<result property="read" column="read" />
			<result property="favorite" column="favorite" />
			<association property="user" javaType="pl.op.model.user.UserApp">
				<id property="userId" column="receiver_userId" />
				<result property="firstName" column="receiver_firstName" />
				<result property="surname" column="receiver_surname" />
			</association>
		</collection>
		<collection property="messageAttachments" javaType="ArrayList"
			ofType="pl.op.model.msg.MessageAttachment">
			<id property="messageAttachmentId" column="messageAttachmentId" />
			<result property="displayName" column="displayName" />
		</collection>
	</resultMap>

	<resultMap id="userToMessageResultMap" type="pl.op.model.msg.UserToMessage">
		<id property="userToMessageId" column="userToMessageId" />
		<result property="removed" column="removed" />
		<result property="read" column="read" />
		<result property="favorite" column="favorite" />
		<association property="user" javaType="pl.op.model.user.UserApp">
			<id property="userId" column="receiver_userId" />
			<result property="firstName" column="receiver_firstName" />
			<result property="surname" column="receiver_surname" />
		</association>
	</resultMap>

	<select id="getUserToMessage" resultMap="userToMessageResultMap">
		SELECT *
		FROM
		tb_userapp_tb_message
	</select>

	<select id="unreadMessagesCounter" resultType="integer">
		SELECT count(CASE
		WHEN read = 'FALSE' THEN 1 END) FROM tb_userapp_tb_message
		WHERE
		userId=#{userId}
		AND
		removed = 'FALSE'
	</select>

	<select id="getMessageList" resultMap="MessageResultMap">
		SELECT
		m.*,u.*,a.messageAttachmentId,a.displayName,a.filePath
		FROM
		tb_message m
		LEFT JOIN tb_userapp u
		ON
		m.idSenderUser=u.userId and
		m.idReceiverUser=u.userId
		LEFT JOIN
		tb_messageAttachment a
		ON
		a.idMessage=m.messageId
	</select>

	<select id="getInboxMessageList" resultMap="MessageResultMap">
		(SELECT
		m.*,uam.*,uar.*,a.messageAttachmentId,a.displayName,a.filePath,
		u.userId AS sender_userId,
		u.firstName AS sender_firstName,
		u.surname AS
		sender_surname
		FROM
		tb_message m
		LEFT JOIN tb_userappsender_tb_message uam
		ON
		uam.messageId=m.messageId
		LEFT JOIN tb_userapp_tb_message uar
		ON
		uar.messageId=m.messageId
		LEFT JOIN tb_userapp ur
		ON
		uar.userId=ur.userId
		LEFT JOIN tb_userapp u
		ON
		uam.userId=u.userId
		LEFT
		JOIN tb_messageAttachment a
		ON
		a.idMessage=m.messageId
		WHERE
		uar.userId=#{userId}
		AND
		uar.removed='FALSE')
		ORDER BY sendTime DESC
	</select>

	<select id="getOutboxMessageList" resultMap="MessageResultMap">
		(SELECT
		m.*,uam.*,uas.*,a.messageAttachmentId,a.displayName,a.filePath,
		ur.userId AS receiver_userId,
		ur.firstName AS receiver_firstName,
		ur.surname AS receiver_surname
		FROM
		tb_message m
		LEFT JOIN
		tb_userapp_tb_message uam
		ON
		uam.messageId=m.messageId
		LEFT JOIN
		tb_userappsender_tb_message uas
		ON
		uas.messageId=m.messageId
		LEFT JOIN
		tb_userapp ur
		ON
		uam.userId=ur.userId
		LEFT JOIN tb_userapp u
		ON
		uam.userId=u.userId
		LEFT JOIN tb_messageAttachment a
		ON
		a.idMessage=m.messageId
		WHERE
		uas.userId=#{userId}
		AND
		uas.removed='FALSE')
		ORDER BY sendTime DESC
	</select>

	<insert id="newMessage" parameterType="pl.op.model.msg.Message">
		<selectKey keyProperty="messageId" resultType="integer"
			order="BEFORE">
			select nextval('msg_id_seq')
		</selectKey>
		insert into tb_message (
		messageId,
		content,
		priority,
		sendTime,
		topic,
		idSenderUser,
		receiverGroup_groupId
		)values (
		#{messageId},
		#{content},
		#{priority},
		NOW(),
		#{topic},
		#{sender.userId},
		#{receiverGroup.groupId}
		)
	</insert>

	<insert id="assignMessagesToUsers">
		<selectKey keyProperty="userToMessageId" resultType="integer"
			order="BEFORE">
			select nextval('msgtouser_id_seq')
		</selectKey>
		INSERT
		INTO tb_userapp_tb_message
		(
		userToMessageId,
		messageId,
		userId,
		read,
		removed,
		favorite
		)
		VALUES
		(
		#{userToMessageId},
		#{messageId},
		#{receiverId},
		FALSE,
		FALSE,
		FALSE
		)
	</insert>

	<insert id="assignMessagesSenderToUsers">
		<selectKey keyProperty="messageSenderId" resultType="integer"
			order="BEFORE">
			select nextval('msgsender_id_seq')
		</selectKey>
		INSERT
		INTO tb_userappsender_tb_message
		(
		messageSenderId,
		messageId,
		userId,
		removed
		)
		VALUES
		(
		#{messageSenderId},
		#{messageId},
		#{senderId},
		FALSE
		)
	</insert>

	<update id="deleteInboxMessage" parameterType="pl.op.model.msg.UserToMessage">
		UPDATE
		tb_userapp_tb_message
		SET
		removed = 'TRUE'
		WHERE messageId =
		#{message.messageId}
		AND userID = #{userId}
	</update>

	<update id="deleteOutboxMessage" parameterType="pl.op.model.msg.MessageSender">
		UPDATE
		tb_userappsender_tb_message
		SET
		removed = 'TRUE'
		WHERE messageId =
		#{message.messageId}
		AND userID = #{userId}
	</update>

	<update id="markFavorite" parameterType="pl.op.model.msg.UserToMessage">
		UPDATE
		tb_userapp_tb_message SET
		favorite = 'TRUE'
		WHERE messageId =
		#{message.messageId}
		AND userId = #{userId}
	</update>

	<update id="markAsRead" parameterType="pl.op.model.msg.UserToMessage">
		UPDATE
		tb_userapp_tb_message SET
		read = 'TRUE'
		WHERE messageId =
		#{message.messageId}
		AND userId = #{userId}
	</update>

	<update id="markAsUnread" parameterType="pl.op.model.msg.UserToMessage">
		UPDATE
		tb_userapp_tb_message SET
		read = 'FALSE'
		WHERE messageId =
		#{message.messageId}
		AND userId = #{userId}
	</update>
</mapper>