<!DOCTYPE mapper PUBLIC "-//mybatis.org//DTD Mapper 3.0//EN" "http://mybatis.org/dtd/mybatis-3-mapper.dtd">

<mapper namespace="pl.op.dao.MessageAttachmentInterface">

	<resultMap id="MessageAttachmentResultMap" type="pl.op.model.msg.MessageAttachment">
		<id property="messageAttachmentId" column="messageAttachmentId" />
		<result property="displayName" column="displayName" />
		<result property="filePath" column="filePath" />
		<result property="message.messageId" column="idMessage" />
		<result property="fileBlob" column="fileBlob" jdbcType="BINARY"
			javaType="byte[]" typeHandler="org.apache.ibatis.type.ByteArrayTypeHandler" />
	</resultMap>

	<select id="getAttachmentsList" resultMap="MessageAttachmentResultMap">
		SELECT *
		FROM
		tb_messageattachment
	</select>

	<select id="getSelectedAttachment" resultMap="MessageAttachmentResultMap">
		SELECT *
		FROM
		tb_messageattachment
		WHERE messageAttachmentId =
		#{messageAttachmentId}
	</select>

	<insert id="newAttachment" parameterType="pl.op.model.msg.MessageAttachment">
		<selectKey keyProperty="messageAttachmentId" resultType="integer"
			order="BEFORE">
			select nextval('msgattch_id_seq')
		</selectKey>
		insert into
		tb_messageattachment (
		messageAttachmentId,
		displayName,
		filePath,
		idMessage,
		fileBlob
		)values (
		#{messageAttachmentId},
		#{displayName},
		#{filePath},
		#{message.messageId},
		#{fileBlob}
		)
	</insert>

</mapper>