<!DOCTYPE mapper PUBLIC "-//mybatis.org//DTD Mapper 3.0//EN" "http://mybatis.org/dtd/mybatis-3-mapper.dtd">

<mapper namespace="pl.op.dao.MeterModelInterface">

<resultMap id="MeterModelResultMap" type="pl.op.model.dict.MeterModel">
		<id property="meterModelId" column="meterModelId" />
		<result property="model" column="model" />
		<result property="isIntelligent" column="isIntelligent" />
		<result property="removed" column="removed" />
	</resultMap>

	<select id="getMeterModels" resultType="pl.op.model.dict.MeterModel">
		SELECT *
		FROM
		tb_metermodel
	</select>

	<select id="getMeterModelById" parameterType="integer"
		resultType="pl.op.model.dict.MeterModel">
		SELECT *
		FROM tb_metermodel
		WHERE meterModelId = #{id}
	</select>

	<insert id="saveMeterModel" parameterType="pl.op.model.dict.MeterModel">
		<selectKey keyProperty="meterModelId" resultType="integer"
			order="BEFORE">
			select nextval('metermodel_id_seq')
		</selectKey>
		insert into tb_metermodel (
		meterModelId,
		model,
		isIntelligent,
		removed
		)values (
		#{meterModelId},
		#{model},
		#{isIntelligent},
		#{removed}
		)
	</insert>

	<delete id="deleteMeterModel" parameterType="pl.op.model.dict.MeterModel">
		DELETE FROM
		tb_metermodel
		WHERE
		meterModelId = #{meterModelId}
	</delete>

	<update id="updateMeterModel" parameterType="pl.op.model.dict.MeterModel">
		UPDATE tb_metermodel
		SET
		model = #{model},
		isIntelligent =
		#{isIntelligent},
		removed = #{removed}
		WHERE meterModelId = #{meterModelId}
	</update>
</mapper>