<!DOCTYPE mapper PUBLIC "-//mybatis.org//DTD Mapper 3.0//EN" "http://mybatis.org/dtd/mybatis-3-mapper.dtd">

<mapper namespace="pl.op.dao.NewsletterInterface">



	<select id="getNewsletters" parameterType="pl.op.model.newsletter.Newsletter" resultType="pl.op.model.newsletter.Newsletter">
		SELECT *
		FROM tb_newsletter WHERE type = 1
	</select>
        
        <select id="getMailing"  resultType="pl.op.model.newsletter.Newsletter">
		SELECT *
		FROM tb_newsletter WHERE type = 2
	</select>

	<insert id="saveNewsletter" parameterType="pl.op.model.newsletter.Newsletter">
		<selectKey keyProperty="newsletterId" resultType="integer" order="BEFORE">
			select nextval('newsletter_id_seq')
		</selectKey>
		insert into tb_newsletter (
		newsletterId,
		content,
		createdAt,
                issendnoregisteruser,
                type
		)values (
		#{newsletterId},
		#{content},
		#{createdAt},
                #{isSendNoRegisterUser},
                #{type}
		)
	</insert>
</mapper>	