<!DOCTYPE mapper PUBLIC "-//mybatis.org//DTD Mapper 3.0//EN" "http://mybatis.org/dtd/mybatis-3-mapper.dtd">

<mapper namespace="pl.op.dao.ObisInterface">

	<resultMap id="ObisResultMap" type="pl.op.model.dict.Obis">
		<id property="obisId" column="obisId" />
		<result property="logicalName" column="logicalName" />
		<result property="obisShort" column="obisShort" />
		<result property="symbol" column="symbol" />
		<result property="classId" column="classIs" />
		<result property="type" column="type" />
	</resultMap>
	
	<select id="getObisList" resultType="pl.op.model.dict.Obis">
		SELECT *
		FROM tb_obis
	</select>
	
	<select id="getObisById" resultType="pl.op.model.dict.Obis">
		SELECT *
		FROM tb_obis
		WHERE obisId = #{id}
	</select>
	
	<insert id="saveObis" parameterType="pl.op.model.dict.Obis">
		<selectKey keyProperty="obisId" resultType="integer"
			order="BEFORE">
			select nextval('obis_id_seq')
		</selectKey>
		insert into tb_obis (
		obisId,
		logicalName,
		obisShort,
		symbol,
		classId,
		type
		)values (
		#{obisId},
		#{logicalName},
		#{obisShort},
		#{symbol},
		#{classId},
		#{type}
		)
	</insert>
	
	<delete id="deleteObis" parameterType="pl.op.model.dict.Obis">
		DELETE FROM tb_obis
		WHERE obisId = #{obisId}
	</delete>
	
	<update id="updateObis" parameterType="pl.op.model.dict.Obis">
		UPDATE tb_obis
		SET
		logicalName = #{logicalName},
		obisShort = #{obisShort},
		symbol = #{symbol},
		classId = #{classId},
		type = #{type}
		WHERE obisId = #{obisId}
	</update>
	
</mapper>