<!DOCTYPE mapper PUBLIC "-//mybatis.org//DTD Mapper 3.0//EN" "http://mybatis.org/dtd/mybatis-3-mapper.dtd">

<mapper namespace="pl.op.dao.OperatorInvoiceInterface">

	<resultMap id="OperatorInvoiceResultMap" type="pl.op.model.contract.OperatorInvoice">
		<id property="operatorInvoiceId" column="operatorInvoiceId" />
		<result property="amountGross" column="amountGross" />
		<result property="amountNet" column="amountNet" />
		<result property="amountTax" column="amountTax" />
		<result property="file" column="file" />
		<result property="invoiceDate" column="invoiceDate" />
		<result property="number" column="number" />
		<result property="removed" column="removed" />
		<result property="paymentDate" column="paymentDate" />
	</resultMap>


	<select id="getOperatorInvoices" parameterType="pl.op.model.contract.OperatorInvoice"
		resultMap="OperatorInvoiceResultMap">
		SELECT o.*
		FROM tb_operatorinvoice o
		WHERE removed = false
		<if test="salesman != null and salesman.salesmanId != null">
			and o.salesmanId = #{salesman.salesmanId}
		</if>
		<if test="paymentDate != null and !''.equals(paymentDate)">
			AND o.paymentDate <![CDATA[ <= ]]>
			#{paymentDate}
		</if>
		<if test="invoiceDate != null and !''.equals(invoiceDate)">
			AND o.invoiceDate <![CDATA[ >= ]]>
			#{invoiceDate}
		</if>
		<if test="user != null and user.userId != null">
			and o.userId = #{user.userId}
		</if>
	</select>

	<insert id="saveOperatorInvoice" parameterType="pl.op.model.contract.OperatorInvoice">
		<selectKey keyProperty="operatorInvoiceId" resultType="integer"
			order="BEFORE">
			select nextval('operatorinvoice_id_seq')
		</selectKey>
		insert into tb_operatorinvoice (
		operatorInvoiceId,
		amountNet,
		amountTax,
		amountGross,
		file,
		invoiceDate,
		number,
		removed,
		paymentDate,
		salesmanId,
		userId
		) values (
		#{operatorInvoiceId},
		#{amountNet},
		#{amountTax},
		#{amountGross},
		#{file},
		#{invoiceDate},
		#{number},
		#{removed},
		#{paymentDate},
		#{salesman.salesmanId},
		#{user.userId}
		)
	</insert>

	<update id="updateOperatorInvoice" parameterType="pl.op.model.contract.OperatorInvoice">
		UPDATE
		tb_operatorinvoice
		SET
		amountNet = #{amountNet},
		amountTax =
		#{amountTax},
		file = #{file},
		invoiceDate = #{invoiceDate},
		number =
		#{number},
		removed = #{removed},
		paymentDate = #{paymentDate}
		WHERE
		operatorInvoiceId = #{operatorInvoiceId}
	</update>

	<delete id="deleteOperatorInvoice" parameterType="pl.op.model.contract.OperatorInvoice">
		UPDATE
		tb_operatorinvoice SET
		removed =
		true
		WHERE
		operatorInvoiceId =
		#{operatorInvoiceId}
	</delete>
</mapper>