<!DOCTYPE mapper PUBLIC "-//mybatis.org//DTD Mapper 3.0//EN" "http://mybatis.org/dtd/mybatis-3-mapper.dtd">

<mapper namespace="pl.op.dao.OperatorAgreementInterface">

	<resultMap id="OperatorAgreementResultMap" type="pl.op.model.contract.OperatorAgreement">
		<id property="operatorAgreementId" column="operatorAgreementId" />
		<result property="file" column="file" />
		<result property="dateFrom" column="dateFrom" />
		<result property="dateTo" column="dateTo" />
		<result property="removed" column="removed" />
		<result property="agreementSigned" column="agreementSigned" />
	</resultMap>

	<select id="getOperatorAgreement" parameterType="pl.op.model.contract.OperatorAgreement"
		resultMap="OperatorAgreementResultMap">
		SELECT o.*
		FROM tb_operatoragreement o
		WHERE 1=1
		<if test="salesman != null and salesman.salesmanId != null">
			and o.salesmanId = #{salesman.salesmanId}
		</if>
		<if test="user != null and user.userId != null">
			and o.userId = #{user.userId}
		</if>
		AND o.dateFrom = (
		SELECT MAX(o.dateFrom)
		FROM
		tb_operatoragreement o
		WHERE 1=1
		<if test="salesman != null and salesman.salesmanId != null">
			and o.salesmanId = #{salesman.salesmanId}
		</if>
		<if test="user != null and user.userId != null">
			and o.userId = #{user.userId}
		</if>
		)
	</select>

	<insert id="saveOperatorAgreement" parameterType="pl.op.model.contract.OperatorAgreement">
		<selectKey keyProperty="operatorAgreementId" resultType="integer"
			order="BEFORE">
			select nextval('operatoragreement_id_seq')
		</selectKey>
		insert into tb_operatoragreement (
		operatorAgreementId,
		file,
		dateFrom,
		dateTo,
		removed,
		salesmanId,
		userId,
		agreementSigned
		)values (
		#{operatorAgreementId},
		#{file},
		#{dateFrom},
		#{dateTo},
		#{removed},
		#{salesman.salesmanId},
		#{user.userId},
		#{agreementSigned}
		)
	</insert>

	<update id="updateOperatorAgreement" parameterType="pl.op.model.contract.OperatorAgreement">
		UPDATE
		tb_operatoragreement SET
		file = #{file},
		dateFrom = #{dateFrom},
		dateTo =
		#{dateTo},
		removed = #{removed},
		salesmanId = #{salesman.salesmanId},
		userId = #{user.userId},
		agreementSigned = #{agreementSigned}
		WHERE
		operatorAgreementId = #{operatorAgreementId}
	</update>
</mapper>