<!DOCTYPE mapper PUBLIC "-//mybatis.org//DTD Mapper 3.0//EN" "http://mybatis.org/dtd/mybatis-3-mapper.dtd">

<mapper namespace="pl.op.dao.PointsRulesInterface">

	<resultMap id="PointsRulesResultMap" type="pl.op.model.bonus.PointsRules">
		<id property="pointsRulesId" column="pointsRulesId" />
		<result property="bonusName" column="bonusName" />
		<result property="bonusDescription" column="bonusDescription" />
		<result property="isActive" column="isActive" />
		<result property="isOncePerDay" column="isOncePerDay" />
		<result property="isRepeatable" column="isRepeatable" />
		<result property="isAccepted" column="isAccepted" />
		<result property="isDeleted" column="isDeleted" />
		<result property="pointsAmount" column="pointsAmount" />
		<result property="repeatsNeed" column="repeatsNeed" />
		<result property="contact" column="contact" />
		<result property="photoLink" column="photoLink" />
		<result property="updatedAt" column="updatedAt" />
		<result property="createdAt" column="createdAt" />
		<association property="user" column="userId"
			javaType="pl.op.model.user.UserApp">
			<id property="userId" column="userId" />
			<result property="login" column="login" />
			<result property="firstName" column="firstName" />
			<result property="surname" column="surname" />
			<result property="creationDate" column="creationDate" />
			<result property="fullName" />
		</association>
	</resultMap>

	<resultMap id="PointsRulesResultMap2" type="pl.op.model.bonus.PointsRules">
		<id property="pointsRulesId" column="pointsRulesId" />
		<result property="bonusName" column="bonusName" />
		<result property="bonusDescription" column="bonusDescription" />
		<result property="isActive" column="isActive" />
		<result property="isOncePerDay" column="isOncePerDay" />
		<result property="isRepeatable" column="isRepeatable" />
		<result property="isAccepted" column="isAccepted" />
		<result property="isDeleted" column="isDeleted" />
		<result property="pointsAmount" column="pointsAmount" />
		<result property="repeatsNeed" column="repeatsNeed" />
		<result property="contact" column="contact" />
		<result property="photoLink" column="photoLink" />
		<result property="updatedAt" column="updatedAt" />
		<result property="createdAt" column="createdAt" />
		<association property="user" column="userId"
			javaType="pl.op.model.user.UserApp">
			<id property="userId" column="userId" />
			<result property="login" column="login" />
			<result property="firstName" column="firstName" />
			<result property="surname" column="surname" />
			<result property="creationDate" column="creationDate" />
			<result property="fullName" />
		</association>
		<association property="event" column="eventId" resultMap="pl.op.dao.EventInterface.EventResultMap"/>
	</resultMap>
	
	<select id="getPointsRules" resultMap="PointsRulesResultMap">
		SELECT pr.*, u.*
		FROM tb_pointsrules pr
		LEFT JOIN tb_userapp u
		ON u.userId = pr.userId
		WHERE pr.pointsAmount <![CDATA[>]]> 0 AND pr.isDeleted = FALSE
	</select>
	
	<select id="getBonusRules" resultMap="PointsRulesResultMap">
		SELECT pr.*, u.*
		FROM tb_pointsrules pr
		LEFT JOIN tb_userapp u
		ON u.userId = pr.userId
		WHERE pr.pointsAmount <![CDATA[<]]> 0 AND pr.isDeleted = FALSE
	</select>
	
	<select id="getPointsRulesActive" resultMap="PointsRulesResultMap">
		SELECT pr.*, u.*
		FROM tb_pointsrules pr
		LEFT JOIN tb_userapp u
		ON u.userId = pr.userId
		WHERE pr.pointsAmount <![CDATA[>]]> 0 AND pr.isDeleted = FALSE AND pr.isActive = TRUE
	</select>
	
	<select id="getBonusRulesActive" resultMap="PointsRulesResultMap">
		SELECT pr.*, u.*
		FROM tb_pointsrules pr
		LEFT JOIN tb_userapp u
		ON u.userId = pr.userId
		WHERE pr.pointsAmount <![CDATA[<]]> 0 AND pr.isDeleted = FALSE AND pr.isActive = TRUE
	</select>
	
	<select id="getBonusRulesActiveAndAccepted" resultMap="PointsRulesResultMap">
		SELECT pr.*, u.*
		FROM tb_pointsrules pr
		LEFT JOIN tb_userapp u
		ON u.userId = pr.userId
		WHERE pr.pointsAmount <![CDATA[<]]> 0 AND pr.isDeleted = FALSE AND pr.isActive = TRUE AND pr.isAccepted = TRUE
	</select>
	
	<select id="getBonusRulesByUser" parameterType="pl.op.model.user.UserApp" resultMap="PointsRulesResultMap">
		SELECT pr.*, u.*
		FROM tb_pointsrules pr
		LEFT JOIN tb_userapp u
		ON u.userId = pr.userId
		WHERE pr.pointsAmount <![CDATA[<]]> 0 AND pr.userId = #{userId} AND pr.isDeleted = FALSE
	</select>
	
	<select id="getBonusRulesOnlyUsers" parameterType="Boolean" resultMap="PointsRulesResultMap">
		SELECT pr.*, u.*
		FROM tb_pointsrules pr
		LEFT JOIN tb_userapp u
		ON u.userId = pr.userId
		WHERE pr.pointsAmount <![CDATA[<]]> 0 AND u.userRole = 'user' AND pr.isDeleted = FALSE AND pr.isActive = #{isActive}
	</select>

	<select id="getPointsRulesById" parameterType="integer" resultMap="PointsRulesResultMap2">
		SELECT pr.*, u.*, e.*
		FROM tb_pointsrules pr
		LEFT JOIN tb_userapp u
		ON u.userId = pr.userId
		LEFT JOIN tb_event e
		ON e.eventId=pr.eventId
		WHERE pr.pointsRulesId = #{id}
	</select>

	<select id="getPointsRulesByEvent" parameterType="pl.op.model.bonus.Event" resultType="pl.op.model.bonus.PointsRules">
		SELECT pr.*, e.*
		FROM tb_pointsrules pr
		LEFT JOIN tb_event e
		ON e.eventId=pr.eventId
		WHERE e.eventId = #{eventId} AND pr.pointsAmount <![CDATA[>]]> 0 AND pr.isDeleted = FALSE
	</select>

	<select id="getPointsRulesByEventActive" parameterType="pl.op.model.bonus.Event" resultType="pl.op.model.bonus.PointsRules">
		SELECT pr.*, e.*
		FROM tb_pointsrules pr
		LEFT JOIN tb_event e
		ON e.eventId=pr.eventId
		WHERE e.eventId = #{eventId} AND pr.isActive = TRUE AND pr.pointsAmount <![CDATA[>]]> 0 AND pr.isDeleted = FALSE
	</select>

	<insert id="savePointsRules" parameterType="pl.op.model.bonus.PointsRules">
		<selectKey keyProperty="pointsRulesId" resultType="integer" order="BEFORE">
			select nextval('pointsrules_id_seq')
		</selectKey>
		insert into tb_pointsrules (
		pointsRulesId,
		bonusName,
		bonusDescription,
		contact,
		photoLink,
		isActive,
		isOncePerDay,
		isRepeatable,
		isAccepted,
		isDeleted,
		pointsAmount,
		repeatsNeed,
		createdAt,
		updatedAt,
		eventId,
		userId
		)values (
		#{pointsRulesId},
		#{bonusName},
		#{bonusDescription},
		#{contact},
		#{photoLink},
		#{isActive},
		#{isOncePerDay},
		#{isRepeatable},
		#{isAccepted},
		#{isDeleted},
		#{pointsAmount},
		#{repeatsNeed},
		#{createdAt},
		#{updatedAt},
		#{event.eventId},
		#{user.userId}
		)
	</insert>

	<update id="updatePointsRules" parameterType="pl.op.model.bonus.PointsRules">
		UPDATE tb_pointsrules SET
		bonusName = #{bonusName},
		bonusDescription = #{bonusDescription},
		contact = #{contact},
		photoLink = #{photoLink},
		isActive = #{isActive},
		isOncePerDay = #{isOncePerDay},
		isRepeatable = #{isRepeatable},
		isAccepted = #{isAccepted},
		isDeleted = #{isDeleted}, 
		pointsAmount = #{pointsAmount},
		repeatsNeed = #{repeatsNeed},
		createdAt = #{createdAt},
		updatedAt = #{updatedAt},
		eventId = #{event.eventId},
		userId = #{user.userId}
		WHERE
		pointsRulesId = #{pointsRulesId}
	</update>

	<delete id="deletePointsRules" parameterType="pl.op.model.bonus.PointsRules">
		DELETE FROM tb_pointsrules
		WHERE
		pointsRulesId = #{pointsRulesId}
	</delete>
	
</mapper>	