<!DOCTYPE mapper PUBLIC "-//mybatis.org//DTD Mapper 3.0//EN" "http://mybatis.org/dtd/mybatis-3-mapper.dtd">

<mapper namespace="pl.op.dao.PPEInterface">
	<resultMap id="PPEResultMap" type="pl.op.model.contract.PPE">
		<id property="ppeId" column="ppeId" />
		<result property="number" column="number" />
		<result property="code" column="code" />
		<result property="meterNo" column="meterNo" />
		<result property="writeTime" column="writeTime" />
		<result property="objectType" column="objectType" />
		<result property="ppeStatus" column="ppeStatus" />
		<result property="value" column="value" />
		<result property="valueUnit" column="valueUnit" />
		<result property="contractualPower" column="contractualPower" />
		<association property="currentDistributor" column="distributorId"
			javaType="pl.op.model.dict.Distributor">
			<id property="distributorId" column="distributorId" />
			<result property="name" column="name" />
		</association>
		<association property="location" column="locationId" resultMap="pl.op.dao.LocationInterface.LocationResultMap" javaType="pl.op.model.contract.Location" />
		<association property="meterModel" column="meterModelId"
			javaType="pl.op.model.dict.MeterModel">
			<id property="meterModelId" column="meterModelId" />
			<result property="model" column="model" />
			<result property="isIntelligent" column="isIntelligent" />
		</association>
	</resultMap>
	<!-- public PPE getPPEById(Long ppeId) throws Exception; public List<PPE> 
		getPPEs(PPE ppe) throws Exception; public List<PPE> getPPEsByUserApp(UserApp 
		userApp) throws Exception; public void savePPE(PPE ppe) throws Exception; 
		public void updatePPE(PPE ppe) throws Exception; public void deletePPE(PPE 
		ppe) throws Exception; -->

    <select id="getPPEById" parameterType="long" resultMap="PPEResultMap">
        SELECT p.*,l.*,d.*, s.*, city.*, area.* FROM tb_ppe p
        LEFT JOIN tb_location l         ON l.locationId = p.locationId 
        LEFT JOIN tb_metermodel mm         ON mm.meterModelId = p.meterModelId 
        LEFT JOIN tb_distributor d         ON d.distributorId = p.distributorId 
        LEFT JOIN tb_street s   ON s.streetid = l.streetid
        LEFT JOIN tb_city city ON city.cityid = s.cityid
        LEFT JOIN tb_area area ON area.areaid = city.areaid
        WHERE p.ppeId = #{ppeId}
    </select>

	<select id="getPpesGroup" resultMap="PPEResultMap">
		SELECT p.* FROM tb_ppe p
		LEFT JOIN tb_location l
		ON l.locationId = p.locationId
		LEFT JOIN tb_street s
		ON s.streetId = l.streetId
		LEFT JOIN tb_city c
		ON c.cityId = s.cityId
		LEFT JOIN tb_area a
		ON a.areaId = c.areaId
		LEFT JOIN tb_userapp u
		ON u.userId = l.userId
		LEFT JOIN tb_sector sector
		ON sector.sectorId = u.sectorId
                LEFT JOIN tb_ppetariff ppeT on ppeT.ppeId = p.ppeId
		WHERE p.removed != TRUE 
                AND  ppeT.tariffId =  #{tariffId}
                AND sector.stereotypeId =  #{stereotypeId}
		
		
		<if test="selectMode == 'groupByCityCount'">
			AND c.cityId = #{cityId} AND l.userId != #{userId}
		</if>
		<if test="selectMode == 'groupByCity'">
			AND c.cityId = #{cityId}
		</if>
		<if test="selectMode == 'groupByAreaCount'">
			AND a.areaId = #{areaId} AND l.userId != #{userId}
		</if>
		<if test="selectMode == 'groupByArea'">
			AND a.areaId = #{areaId}
		</if>
	</select>

	<select id="getPPEs" parameterType="pl.op.model.contract.PPE"
		resultMap="PPEResultMap">
		SELECT  d.*,p.*,l.*,a.*,c.*,s.*
		FROM tb_ppe p
		LEFT JOIN tb_distributor d
		ON d.distributorId =
		p.distributorId
		LEFT JOIN tb_location l
		ON l.locationId = p.locationId
		LEFT JOIN tb_street s
		ON s.streetId = l.streetId
		LEFT JOIN tb_city c
		ON
		c.cityId = s.cityId
		LEFT JOIN tb_area a
		ON a.areaId = c.areaId
		LEFT JOIN
		LEFT JOIN
		tb_userApp u
		ON u.userId =
		l.userId
		LEFT JOIN tb_metermodel m
		ON
		m.metermodelid = p.metermodelid
		WHERE p.removed != TRUE
		<if test="location.street.streetName != null and !''.equals(location.street.streetName)">
			AND UPPER(s.streetName) like UPPER(#{location.street.streetName})
		</if>
		<if test="location.street.city.cityId != null">
			AND c.cityId =#{location.street.city.cityId}
		</if>
		<if test="location.street.city.area.areaId != null">
			AND a.areaId =#{location.street.city.area.areaId}
		</if>
		<if test="currentDistributor.distributorId != null">
			AND d.distributorId = #{currentDistributor.distributorId}
		</if>
	</select>

	<select id="getPPEsByFilter" parameterType="pl.op.model.contract.PPEFilter"
		resultMap="PPEResultMap">
		SELECT p.*,l.*, d.*,a.*,c.*,s.*, u.*, m.*
		FROM tb_ppe p
		LEFT JOIN
		tb_distributor d
		ON d.distributorId =
		p.distributorId
		LEFT JOIN
		tb_location l
		ON
		l.locationId = p.locationId
		LEFT JOIN tb_street s
		ON
		s.streetId =
		l.streetId
		LEFT JOIN tb_city c
		ON
		c.cityId = s.cityId
		LEFT
		JOIN tb_area a
		ON a.areaId = c.areaId
		LEFT JOIN
		tb_userApp u
		ON u.userId =
		l.userId
		LEFT JOIN tb_metermodel m
		ON
		m.metermodelid = p.metermodelid
		LEFT JOIN tb_agreementppe ap
		ON ap.ppeId
		= p.ppeId
		LEFT JOIN tb_agreement ag
		ON ag.agreementId = ap.agreementId
		LEFT JOIN tb_salesman sa
		ON sa.salesmanId = ag.salesmanId
		LEFT JOIN
		tb_ppetariff pt
		ON pt.ppeId = p.ppeId
		WHERE p.removed != TRUE and
		pt.endDate IS NULL
		<if
			test="ppe.location.street.streetName != null and !''.equals(ppe.location.street.streetName)">
			AND UPPER(s.streetName) like
			UPPER(#{ppe.location.street.streetName})
		</if>
		<if test="ppe.location.street.city.cityId != null">
			AND c.cityId =#{ppe.location.street.city.cityId}
		</if>
		<if test="ppe.location.street.city.area.areaId != null">
			AND a.areaId =#{ppe.location.street.city.area.areaId}
		</if>
		<if test="ppe.currentDistributor.distributorId != null">
			AND d.distributorId =
			#{ppe.currentDistributor.distributorId}
		</if>
		<if test="volumeFrom != null">
			AND p.value <![CDATA[ >= ]]>
			#{volumeFrom}
		</if>
		<if test="volumeTo != null">
			AND p.value <![CDATA[ <= ]]>
			#{volumeTo}
		</if>
		<if test="tariff.tariffId != null">
			AND pt.tariffId = #{tariff.tariffId}
		</if>
		<if test="salesman.salesmanId != null">
			AND sa.salesmanId = #{salesman.salesmanId}
		</if>
		<if test="ppe.location.userApp.isCompany != null">
			AND u.isCompany = #{ppe.location.userApp.isCompany}
		</if>
		<if test="ppe.meterModel.meterModelId != null">
			AND m.meterModelId = #{ppe.meterModel.meterModelId}
		</if>
		<if
			test="agreement.durationType != null and !''.equals(agreement.durationType)">
			and ag.durationType LIKE #{agreement.durationType}
		</if>
		<if test="user.userId != null ">
			and u.userId = #{user.userId}
		</if>
	</select>

	<select id="getPPEsByUser" parameterType="pl.op.model.user.UserApp"
		resultMap="PPEResultMap">
		SELECT p.*, l.*, ul.*, c.*, a.*, mm.*, u.*, sector.*, stereotype.*
		FROM tb_ppe p
		LEFT JOIN tb_location l
		ON p.locationId = l.locationId
		LEFT JOIN tb_street ul
		ON ul.streetId = l.streetId
		LEFT JOIN tb_city c
		ON c.cityId = ul.cityId
		LEFT JOIN tb_area a
		ON a.areaId = c.areaId
		LEFT JOIN tb_metermodel mm
		ON mm.meterModelId = p.meterModelId
		LEFT JOIN tb_userapp u
		ON u.userId = l.userId
		LEFT JOIN tb_sector sector
		ON sector.sectorId = u.sectorId
		LEFT JOIN tb_stereotype stereotype
		ON stereotype.stereotypeId = sector.stereotypeId
		WHERE p.removed != TRUE
		AND l.userId = #{userId}
	</select>

	<select id="getActualTariff" parameterType="pl.op.model.contract.PPE"
		resultMap="pl.op.dao.TariffInterface.TariffResultMap">
		SELECT t.*, tpc.*, pc.*
		FROM tb_tariff as t
		LEFT JOIN tb_ppetariff as ppeT
		ON (ppeT.tariffid = t.tariffid)
		LEFT JOIN tb_tariffpricecomponent tpc
		ON tpc.tariffId = t.tariffId
		LEFT JOIN tb_pricecomponent pc
		ON pc.priceComponentId = tpc.priceComponentId
		WHERE ppeT.ppeid = #{ppeId}
		ORDER BY
		ppeT.startdate DESC
		LIMIT 1
	</select>

	<insert id="savePPE" parameterType="pl.op.model.contract.PPE">
		<selectKey keyProperty="ppeId" resultType="integer" order="BEFORE">
			select nextval('ppe_id_seq')
		</selectKey>
		insert into tb_ppe (
		ppeId,
		number,
		code,
		meterNo,
		writeTime,
		distributorId,
		objectType,
		meterModelId,
		locationId,
		ppeStatus,
		contractualPower,
		removed
		)values (
		#{ppeId},
		#{number},
		#{code},
		#{meterNo},
		#{writeTime},
		#{currentDistributor.distributorId},
		#{objectType},
		#{meterModel.meterModelId},
		#{location.locationId},
		#{ppeStatus},
		#{contractualPower},
		FALSE
		)
		
	</insert>

	<update id="updatePPE" parameterType="pl.op.model.contract.PPE">
		UPDATE tb_ppe SET
		code = #{code},
		number = #{number},
		distributorId = #{currentDistributor.distributorId},
		meterModelId = #{meterModel.meterModelId},
		meterNo = #{meterNo},
		writeTime = #{writeTime},
		objectType = #{objectType},
		locationId = #{location.locationId},
		ppeStatus = #{ppeStatus},
		contractualPower = #{contractualPower}
		WHERE ppeId = #{ppeId}
	</update>

	<delete id="deletePPE" parameterType="pl.op.model.contract.PPE">
		UPDATE tb_ppe SET
		removed = TRUE
		WHERE
		ppeId = #{ppeId}
	</delete>

	<update id="updatePPEStatusToReady">
		UPDATE tb_ppe
		SET ppeStatus = 'READYTOJOIN'
		WHERE ppeId
		IN (SELECT p.ppeID
		FROM tb_ppe p
		LEFT JOIN tb_agreementppe ap
		ON ap.ppeId
		= p.ppeId
		LEFT JOIN tb_agreement a
		ON a.agreementId = ap.agreementId
		WHERE now() >= a.dateTo - interval '3' month
		AND p.ppeStatus LIKE
		'DURINGAGREEMENT')
	</update>
	
	<update id="updatePPEStatus">
		UPDATE tb_ppe SET 
			ppeStatus = #{ppeStatus}
		WHERE ppeId = #{ppeId}
	</update>
	
	<update id="updatePPEValue" parameterType="pl.op.model.contract.PPE">
		UPDATE tb_ppe SET 
			value = #{value},
			valueUpdatedAt = #{valueUpdatedAt},
			valueUnit = #{valueUnit}
		WHERE ppeId = #{ppeId}
	</update>
</mapper>