<!DOCTYPE mapper PUBLIC "-//mybatis.org//DTD Mapper 3.0//EN" "http://mybatis.org/dtd/mybatis-3-mapper.dtd">

<mapper namespace="pl.op.dao.PrefQuestInterface">

	<resultMap id="questMap" type="pl.op.model.question.PreferenceQuestion">
		<id property="preferenceQuestionId" column="preferenceQuestionId" />
		<result property="question" column="question" />
		<result property="removed" column="removed" />
		<result property="valueType" column="valueType" />
		<association property="stereotype" column="stereotypeId"
			javaType="pl.op.model.stereotype.Stereotype">
			<id property="stereotypeId" column="stereotypeId" />
			<result property="stereotypeName" column="stereotypeName" />
			<result property="stereotypeDescription" column="stereotypeDescription" />
		</association>
		<collection property="questionItems" column="preferencequestionid"
			javaType="ArrayList" ofType="pl.op.model.question.QuestionItem">
			<id property="questionItemId" column="questionItemId" />
			<result property="questionItemValue" column="questionItemValue" />
			<result property="questionItemName" column="questionItemName" />
			<result property="removed" column="removed" />
		</collection>
	</resultMap>


	<select id="getPreference" parameterType="pl.op.model.question.PreferenceQuestion"
		resultMap="questMap">
		SELECT p.*, s.*, q.*
		FROM tb_preferencequestion p
		LEFT JOIN
		tb_stereotype s
		ON p.stereotypeid= s.stereotypeid
		LEFT JOIN
		tb_questionitem q
		ON p.preferenceQuestionId= q.preferencequestionid
		WHERE p.removed is not true
		and q.removed is not true
		and
		p.preferenceQuestionId=#{preferenceQuestionId}
	</select>

	<select id="getPreferenceQuestionList" parameterType="pl.op.model.question.PreferenceQuestion"
		resultMap="questMap">
		SELECT p.*, s.*, q.*
		FROM tb_preferencequestion p
		LEFT JOIN tb_stereotype s ON p.stereotypeid= s.stereotypeid
		LEFT JOIN tb_questionitem q ON p.preferenceQuestionId= q.preferencequestionid
		LEFT JOIN tb_questionvalue qv ON (p.preferenceQuestionId = qv.preferencequestionid AND qv.userId = #{userId})
		WHERE p.removed is not true
		and q.removed is not true
		<if test="stereotype.stereotypeId != null">
			<if test="!''.equals(stereotype.stereotypeId)">
				and p.stereotypeid = #{stereotype.stereotypeId}
			</if>
		</if>
		<if test="preferenceQuestionId !=null">
			<if test="!''.equals(preferenceQuestionId)">
				and p.preferenceQuestionId=#{preferenceQuestionId}
			</if>
		</if>
	</select>

	<insert id="savePreferenceQuestion" parameterType="pl.op.model.question.PreferenceQuestion">
		<selectKey keyProperty="preferenceQuestionId" resultType="integer"
			order="BEFORE">
			select nextval('prefquest_id_seq')
		</selectKey>
		insert into tb_preferencequestion (
		preferenceQuestionId,
		question,
		removed,
		valueType,
		stereotypeId
		)values (
		#{preferenceQuestionId},
		#{question},
		#{removed},
		#{valueType},
		#{stereotype.stereotypeId}
		)
	</insert>
	<update id="updatePreferenceQuestion" parameterType="pl.op.model.question.PreferenceQuestion">
		UPDATE
		tb_preferencequestion SET
		question = #{question},
		removed =
		#{removed},
		valueType = #{valueType},
		stereotypeId =
		#{stereotype.stereotypeId}
<!-- 		questionValueId = #{questionValue.questionValueId} -->
		WHERE
		preferenceQuestionId =
		#{preferenceQuestionId}
	</update>

	<update id="deletePreferenceQuestion" parameterType="pl.op.model.question.PreferenceQuestion">
		UPDATE
		tb_preferencequestion SET
		removed = true
		WHERE
		preferenceQuestionId =
		#{preferenceQuestionId}
	</update>
</mapper>