<!DOCTYPE mapper PUBLIC "-//mybatis.org//DTD Mapper 3.0//EN" "http://mybatis.org/dtd/mybatis-3-mapper.dtd">

<mapper namespace="pl.op.dao.PriceComponentInterface">

	<resultMap id="PriceComponentMap" type="pl.op.model.auction.PriceComponent">
		<id property="priceComponentId" column="priceComponentId" />
		<result property="name" column="name" />
		<result property="currency" column="currency" />
		<result property="description" column="description" />
		<result property="isConstant" column="isConstant" />
		<result property="zoneType" column="zoneType" />
	</resultMap>

	<select id="getPriceComponent" resultType="pl.op.model.auction.PriceComponent">
		SELECT *
		FROM tb_pricecomponent
	</select>
	
	<select id="getPriceComponentByTariff" parameterType="pl.op.model.dict.Tariff"
	resultMap="PriceComponentMap">
		SELECT t.*, tpc.*, pc.*
		FROM tb_pricecomponent pc
		LEFT JOIN tb_tariffpricecomponent tpc 
		ON 
		pc.pricecomponentId = tpc.pricecomponentId
		LEFT JOIN tb_tariff t
		ON
		tpc.tariffId = t.tariffId
		WHERE
		t.tariffId = #{tariffId}
	</select>

	<insert id="savePriceComponent" parameterType="pl.op.model.auction.PriceComponent">
		<selectKey keyProperty="priceComponentId" resultType="integer" order="BEFORE">
			select nextval('pricecomponent_id_seq')
		</selectKey>
		insert into tb_pricecomponent (
		priceComponentId,
		name,
		currency,
		description,
		isconstant,
		zonetype
		)values (
		#{priceComponentId},
		#{name},
		#{currency},
		#{description},
		#{isConstant},
		#{zoneType}
		)
	</insert>
	
	<update id="updatePriceComponent" parameterType="pl.op.model.auction.PriceComponent">
		UPDATE tb_pricecomponent SET
		name = #{name},
		currency = #{currency},
		description = #{description},
		isConstant = #{isConstant},
		zoneType = #{zoneType}
		WHERE priceComponentId = #{priceComponentId}
	</update>
	
	<delete id="deletePriceComponent" parameterType="pl.op.model.auction.PriceComponent">
		DELETE FROM tb_pricecomponent
		WHERE priceComponentId = #{priceComponentId}
	</delete>	

</mapper>