<!DOCTYPE mapper PUBLIC "-//mybatis.org//DTD Mapper 3.0//EN" "http://mybatis.org/dtd/mybatis-3-mapper.dtd">

<mapper namespace="pl.op.dao.ProfileInterface">

	<resultMap id="ProfileIndicatorResultMap" type="pl.op.model.profile.ProfileIndicator">
		<id property="profileIndicatorId" column="profileIndicatorId" />
		<result property="dayQuantity" column="dayQuantity" />
		<result property="dayType" column="dayType" />
		<result property="month" column="month" />
		<result property="profileName" column="profileName" />
		<collection property="profileValues" resultMap="ProfileValueResultMap" />
	</resultMap>

	<resultMap id="ProfileValueResultMap" type="pl.op.model.profile.ProfileValue">
		<id property="profileValueId" column="profileValueId" />
		<result property="value" column="value" />
		<result property="hour" column="hour" />
	</resultMap>

	<insert id="saveProfileIndicator" parameterType="pl.op.model.profile.ProfileIndicator">
		<selectKey keyProperty="profileIndicatorId" resultType="integer"
			order="BEFORE">
			select nextval('profileindicator_id_seq')
		</selectKey>
		insert into
		tb_profileindicator
		(
		profileIndicatorId,
		dayQuantity,
		dayType,
		month,
		tariffId,
		profileName
		) values (
		#{profileIndicatorId},
		#{dayQuantity},
		#{dayType},
		#{month},
		#{tariff.tariffId},
		#{profileName}
		)
	</insert>

	<update id="updateProfileIndicator" parameterType="pl.op.model.profile.ProfileIndicator">
		UPDATE
		tb_profileindicator SET
		dayType = #{dayType},
		dayQuantity =
		#{dayQuantity},
		month = #{month},
		tariffId =#{tariff.tariffId},
		profileName = #{profileName}
		WHERE
		profileIndicatorId =
		#{profileIndicatorId}
	</update>

	<insert id="saveProfileValue" parameterType="pl.op.model.profile.ProfileValue">
		<selectKey keyProperty="profileValueId" resultType="integer"
			order="BEFORE">
			select nextval('profilevalue_id_seq')
		</selectKey>
		insert into
		tb_profilevalue
		(
		profileValueId,
		value,
		hour,
		profileIndicatorId
		) values (
		#{profileValueId},
		#{value},
		#{hour},
		#{profileIndicator.profileIndicatorId}
		)
	</insert>
	
	<select id="getSumValueByFilter" parameterType="pl.op.model.profile.ProfileIndicatorFilter" resultType="double">
		SELECT SUM(pv.value * #{value} <if test="multiple == true"> * pi.dayQuantity</if>)
		FROM tb_profilevalue pv
		LEFT JOIN tb_profileindicator pi
		ON pi.profileIndicatorId = pv.profileIndicatorId
		WHERE pi.tariffId = #{tariffId}
		<if test="dayType != null">
			AND pi.dayType = #{dayType}
		</if>
		AND pi.month = #{month}
		AND (pv.hour  <![CDATA[ >= ]]> #{minHour} AND pv.hour  <![CDATA[ <= ]]> #{maxHour})
	</select>
	
	
	<delete id="deleteProfileIndicatorToTariff" parameterType="Integer">
		DELETE FROM tb_profileindicator
		WHERE tariffId = #{tariffId}
	</delete>
	
	<delete id="deleteProfileValueToTariff" parameterType="Integer">
		DELETE FROM tb_profilevalue AS pv USING tb_profileindicator AS pi
		WHERE pv.profileIndicatorId = pi.profileIndicatorId AND pi.tariffId = #{tariffId}
	</delete>
</mapper>