<!DOCTYPE mapper PUBLIC "-//mybatis.org//DTD Mapper 3.0//EN" "http://mybatis.org/dtd/mybatis-3-mapper.dtd">

<mapper namespace="pl.op.dao.QuestItemInterface">

	<resultMap id="questMap" type="pl.op.model.question.QuestionItem">
		<id property="questionItemId" column="questionItemId" />
		<result property="questionItemValue" column="questionItemValue" />
		<result property="questionItemName" column="questionItemName" />
		<result property="removed" column="removed" />
		<association property="preferenceQuestion" column="preferenceQuestionId"
			javaType="pl.op.model.question.PreferenceQuestion">
			<id property="preferenceQuestionId" column="preferenceQuestionId" />
			<result property="question" column="question" />
			<result property="removed" column="removed" />
			<result property="valueType" column="valueType" />
		</association>
	</resultMap>


	<insert id="saveQuestionItem" parameterType="pl.op.model.question.QuestionItem">
		<selectKey keyProperty="questionItemId" resultType="integer"
			order="BEFORE">
			select nextval('questionitem_id_seq')
		</selectKey>
		insert into tb_questionitem (
		questionItemId,
		questionItemValue,
		questionItemName,
		removed,
		preferenceQuestionId
		)values (
		#{questionItemId},
		#{questionItemValue},
		#{questionItemName},
		false,
		#{preferenceQuestion.preferenceQuestionId}
		)
	</insert>

	<update id="updateQuestionItem" parameterType="pl.op.model.question.QuestionItem">
		UPDATE
		tb_questionitem SET
		questionItemValue = #{questionItemValue},
		questionItemName = #{questionItemName},
		removed = #{removed}
		WHERE
		questionItemId = #{questionItemId}
	</update>

	<update id="deleteQuestionItem" parameterType="pl.op.model.question.QuestionItem">
		UPDATE
		tb_questionitem SET
		removed = true
		WHERE questionItemId =
		#{questionItemId}
	</update>

</mapper>