<!DOCTYPE mapper PUBLIC "-//mybatis.org//DTD Mapper 3.0//EN" "http://mybatis.org/dtd/mybatis-3-mapper.dtd">

<mapper namespace="pl.op.dao.QuestValueInterface">

	<resultMap id="questValueMap" type="pl.op.model.question.QuestionValue">
		<id property="questionValueId" column="questionValueId" />
		<result property="questionValueString" column="questionValueString" />
		<result property="questionValueBoolean" column="questionValueBoolean" />
		<association property="userApp" column="userid"
			javaType="pl.op.model.user.UserApp">
			<id property="userId" column="userId" />
		</association>
	</resultMap>


	<select id="getQuestionValue" parameterType="pl.op.model.question.PreferenceQuestion"
		resultMap="questValueMap">
		SELECT q.*, u.*
		FROM tb_questionvalue q
		LEFT JOIN tb_userapp u
		ON u.userId= q.userId
		WHERE q.preferenceQuestionId=#{preferenceQuestionId} and q.userId=#{userId} 
	</select>
	
	<insert id="saveQuestionValue" parameterType="pl.op.model.question.QuestionValue">
		<selectKey keyProperty="questionValueId" resultType="integer"
			order="BEFORE">
			select nextval('questionvalue_id_seq')
		</selectKey>
		insert into tb_questionvalue (
		questionValueId,
		questionValueString,
		questionValueBoolean,
		preferenceQuestionId,
		stereotypeId,
		userId
		)values (
		#{questionValueId},
		#{questionValueString},
		#{questionValueBoolean},
		#{preferenceQuestion.preferenceQuestionId},
		#{stereotype.stereotypeId},
		#{userApp.userId}
		)
	</insert>

	<update id="updateQuestionValue" parameterType="pl.op.model.question.QuestionValue">
		UPDATE tb_questionvalue SET
		questionValueString = #{questionValueString},
		questionValueBoolean = #{questionValueBoolean}
		WHERE questionValueId = #{questionValueId}
	</update>
</mapper>