<!DOCTYPE mapper PUBLIC "-//mybatis.org//DTD Mapper 3.0//EN" "http://mybatis.org/dtd/mybatis-3-mapper.dtd">

<mapper namespace="pl.op.dao.SalesmanInterface">

	<resultMap id="SalesmanResultMap" type="pl.op.model.salesman.Salesman">
		<id property="salesmanId" column="salesmanId" />
		<result property="salesmanName" column="salesmanName" />
		<result property="nip" column="nip" />
		<result property="removed" column="removed" />
		<result property="regon" column="regon" />
		<result property="email" column="email" />
		<result property="krs" column="krs" />
		<result property="licenseNumber" column="licenseNumber" />
		<result property="createdAt" column="createdAt" />
		<result property="greenEnergyPercent" column="greenEnergyPercent" />
		<result property="businessType" column="businessType" />
		<result property="rating" column="rating" />
		<association property="address" column="addressid"
			javaType="pl.op.model.dict.Address">
			<id property="addressId" column="addressId" />
			<result property="zipCode" column="zipCode" />
			<result property="flatNo" column="flatNo" />
			<result property="homeNo" column="homeNo" />
			<association property="street"
				resultMap="pl.op.dao.StreetInterface.StreetResultMap" />
		</association>
		<collection property="userList" column="salesmanId"
			javaType="ArrayList" ofType="pl.op.model.user.UserApp"
			resultMap="pl.op.dao.UserInterface.userIdsResultMap">
		</collection>
		<collection property="agreements" column="salesmanId"
			javaType="ArrayList" ofType="pl.op.model.contract.Agreement"
			resultMap="pl.op.dao.AgreementInterface.AgreementResultMap">
		</collection>
		<collection property="operatorInvoices" column="salesmanId"
			javaType="ArrayList" ofType="pl.op.model.contract.OperatorInvoice">
			<id property="operatorInvoiceId" column="operatorInvoiceId" />
			<result property="amountGross" column="amountGross" />
			<result property="amountNet" column="amountNet" />
			<result property="amountTax" column="amountTax" />
			<result property="file" column="file" />
			<result property="invoiceDate" column="invoiceDate" />
			<result property="number" column="number" />
			<result property="paymentDate" column="paymentDate" />
			<result property="removed" column="removed" />
		</collection>
	</resultMap>


	<insert id="saveSalesman" parameterType="pl.op.model.salesman.Salesman">
		<selectKey keyProperty="salesmanId" resultType="integer"
			order="BEFORE">
			select nextval('salesman_id_seq')
		</selectKey>
		insert into tb_salesman (
		salesmanId,
		salesmanName,
		nip,
		removed,
		regon,
		email,
		krs,
		licenseNumber,
		greenEnergyPercent,
		addressid,
		createdAt,
		businessType
		)values (
		#{salesmanId},
		#{salesmanName},
		#{nip},
		#{removed},
		#{regon},
		#{email},
		#{krs},
		#{licenseNumber},
		#{greenEnergyPercent},
		#{address.addressId},
		#{createdAt},
		#{businessType}
		)
	</insert>

	<insert id="saveAddress" parameterType="pl.op.model.dict.Address">
		<selectKey keyProperty="addressId" resultType="integer"
			order="BEFORE">
			select nextval('address_id_seq')
		</selectKey>
		insert into tb_address (
		addressId,
		flatNo,
		homeNo,
		streetId
		)values (
		#{addressId},
		#{flatNo},
		#{homeNo},
		#{street.streetId}
		)
	</insert>

	<update id="updateAddress" parameterType="pl.op.model.dict.Address">
		UPDATE tb_address SET
		flatNo = #{flatNo},
		homeNo = #{homeNo},
		streetId = #{street.streetId}
		WHERE addressId = #{addressId}
	</update>

	<update id="updateSalesman" parameterType="pl.op.model.salesman.Salesman">
		UPDATE tb_salesman SET
		salesmanName = #{salesmanName},
		nip = #{nip},
		removed = #{removed},
		regon = #{regon},
		email = #{email},
		krs = #{krs},
		licenseNumber =
		#{licenseNumber},
		greenEnergyPercent = #{greenEnergyPercent},
		addressid
		= #{address.addressId},
		createdAt = #{createdAt},
		businessType =
		#{businessType},
		rating = #{rating}
		WHERE salesmanId = #{salesmanId}
	</update>

	<delete id="deleteSalesman" parameterType="pl.op.model.salesman.Salesman">
		UPDATE tb_salesman SET
		removed = TRUE
		WHERE salesmanId = #{salesmanId}
	</delete>

	<select id="getSalesmans" parameterType="pl.op.model.salesman.Salesman"
		resultMap="SalesmanResultMap">
		SELECT s.*, a.*, c.*, w.*, ul.*
		FROM tb_salesman s
		LEFT JOIN
		tb_address
		a
		ON
		s.addressId = a.addressId
		LEFT JOIN tb_street ul
		ON
		ul.streetId =
		a.streetId
		LEFT JOIN tb_city c
		ON c.cityId = ul.cityId
		LEFT
		JOIN tb_area
		w
		ON w.areaId = c.areaId
		WHERE 1=1
		<if test="removed != null and !''.equals(removed)">
			and s.removed = #{removed}
		</if>
		<if test="nip != null and !''.equals(nip)">
			and UPPER(nip) like
			upper(CONCAT('%',#{nip},'%'))
		</if>
		<if test="salesmanName != null and !''.equals(salesmanName)">
			and UPPER(salesmanName) like
			upper(CONCAT('%',#{salesmanName},'%'))
		</if>
		<if test="address != null">
			<if test="address.street != null">
				<if
					test="address.street.streetName != null and !''.equals(address.street.streetName)">
					AND UPPER(ul.streetName) like
					upper(#{address.street.streetName})
				</if>
			</if>
		</if>
	</select>

	<select id="getAllSalesmans" resultType="pl.op.model.salesman.Salesman">
		SELECT s.* FROM
		tb_salesman s
		WHERE removed = false
	</select>

	<select id="getSalesmanById" parameterType="integer"
		resultType="pl.op.model.salesman.Salesman">
		SELECT * FROM tb_salesman
		WHERE salesmanId = #{salesmanId}
	</select>

	<select id="getSalesmanByUserId" parameterType="integer"
		resultMap="SalesmanResultMap">
		SELECT s.*,u.*,a.*,st.*,c.*,ar.*
		FROM tb_salesman s
		LEFT JOIN tb_userapp u
		ON s.salesmanId = u.salesmanId
		LEFT JOIN tb_address a
		ON s.addressId = a.addressId
		LEFT JOIN tb_street st
		ON a.streetId = st.streetId
		LEFT JOIN tb_city c
		ON st.cityId = c.cityId
		LEFT JOIN tb_area ar
		ON c.areaId = ar.areaId
		WHERE u.userId = #{userId}
	</select>

	<select id="getSalesmanByName" parameterType="String"
		resultType="pl.op.model.salesman.Salesman">
		SELECT * FROM tb_salesman
		WHERE salesmanName =
		#{salesmanName}
	</select>

	<select id="getGreenEnergyBySalesmanId" parameterType="integer"
		resultType="integer">
		SELECT greenEnergyPercent FROM tb_salesman
		WHERE salesmanId = #{salesmanId}
	</select>
</mapper>