<!DOCTYPE mapper PUBLIC "-//mybatis.org//DTD Mapper 3.0//EN" "http://mybatis.org/dtd/mybatis-3-mapper.dtd">

<mapper namespace="pl.op.dao.SectorInterface">

	<resultMap id="SectorResultMap" type="pl.op.model.stereotype.Sector">
		<id property="sectorId" column="sectorId" />
		<result property="sectorName" column="sectorName" />
		<result property="isHidden" column="isHidden" />
		<association property="stereotype" column="stereotype"
			javaType="pl.op.model.stereotype.Stereotype">
			<id property="stereotypeId" column="stereotypeId" />
			<result property="stereotypeName" column="stereotypeName" />
			<result property="iconPath" column="iconPath" />
		</association>
	</resultMap>

	<select id="getSector" parameterType="pl.op.model.stereotype.Sector"
		resultMap="SectorResultMap">
		SELECT b.*,s.*
		FROM tb_sector b
		LEFT JOIN tb_stereotype s
		ON s.stereotypeId = b.stereotypeId
		<if test="isHidden == true or isHidden == false">
			WHERE isHidden = #{isHidden}
		</if>
		ORDER BY s.orderId ASC
	</select>

	<select id="getSectorByUser" parameterType="pl.op.model.user.UserApp"
		resultMap="SectorResultMap">
		SELECT b.*, s.*
		FROM tb_sector b
		LEFT JOIN tb_stereotype s ON s.stereotypeId = b.stereotypeId
		LEFT JOIN tb_user u ON u.sectorId = b.sectorId
		WHER u.userId = #{userId}
	</select>
	
	<insert id="saveSector" parameterType="pl.op.model.stereotype.Sector">
		<selectKey keyProperty="sectorId" resultType="integer"
			order="BEFORE">
			select nextval('sector_id_seq')
		</selectKey>
		insert into tb_sector (
		sectorId,
		sectorName,
		isHidden,
		stereotypeId
		)values (
		#{sectorId},
		#{sectorName},
		#{isHidden},
		#{stereotype.stereotypeId}
		)
	</insert>

	<update id="updateSector" parameterType="pl.op.model.stereotype.Sector">
		UPDATE tb_sector SET
		sectorName = #{sectorName},
		isHidden = #{isHidden},
		stereotypeId =
		#{stereotype.stereotypeId}
		WHERE sectorId = #{sectorId}
	</update>

	<delete id="deleteSector" parameterType="pl.op.model.stereotype.Sector">
		DELETE FROM tb_sector
		WHERE sectorId = #{sectorId}
	</delete>
	
	
</mapper>