<!DOCTYPE mapper PUBLIC "-//mybatis.org//DTD Mapper 3.0//EN" "http://mybatis.org/dtd/mybatis-3-mapper.dtd">

<mapper namespace="pl.op.dao.SettingsInterface">

	<resultMap type="pl.op.settings.Settings" id="SettingsResultMap">
		<result property="settingId" column="settingId" />
		<result property="settingName" column="settingName" />
		<result property="settingValue" column="settingValue" />
	</resultMap>

	<select id="getSettingsList" parameterType="pl.op.settings.Settings"
		resultType="pl.op.settings.Settings">
		SELECT *
		FROM tb_settings
	</select>

	<update id="updateSetting" parameterType="pl.op.settings.Settings">
		UPDATE tb_settings SET
		settingValue = #{settingValue}
		WHERE settingId = #{settingId}
	</update>
	
	<select id="getSettingByType" parameterType="String"
		resultType="pl.op.settings.Settings">
		SELECT *
		FROM tb_settings WHERE settingType = #{type}
		LIMIT 1
	</select>
	
	<insert id="saveSetting" parameterType="pl.op.settings.Settings">
		<selectKey keyProperty="settingId" resultType="int"
			order="BEFORE">
			select nextval('setting_id_seq')
		</selectKey>
		INSERT INTO tb_settings (
			settingId,
			settingName,
			settingValue,
			settingType
		)VALUES(
			#{settingId},
			#{settingName},
			#{settingValue},
			#{settingType}
		)
	</insert>
</mapper>