<!DOCTYPE mapper PUBLIC "-//mybatis.org//DTD Mapper 3.0//EN" "http://mybatis.org/dtd/mybatis-3-mapper.dtd">

<mapper namespace="pl.op.dao.SMSInterface">

	<resultMap id="smsResultMap" type="pl.op.model.sms.SMS">
		<id property="idSMS" column="idsms" />
		<result property="sendTime" column="sendtime" />
		<result property="smsCode" column="smscode" />
		<result property="smsCounter" column="smscounter" />
		<result property="smsCodeCounter" column="smscodecounter" />
		<result property="smsData" column="smsdata" />
		<result property="smsPhoneNumber" column="smsphonenumber" />
		<result property="smsSendStatus" column="smssendstatus" />
		<result property="smsTemplateId" column="smstemplateid" />
		<result property="smsType" column="smstype" />
		<association property="operationType" column="operationtype_idsmsoperationtype"
			javaType="pl.op.model.sms.SMSOperationType">
			<id column="idsmsoperationtype" property="idSMSOperationType" />
			<result column="smsoperationtype" property="smsOperationType" />
			<result column="smsoperationtypedesc" property="smsOperationTypeDesc" />
		</association>
		<association property="userApp" column="userid"
			javaType="pl.op.model.user.UserApp">
			<id property="userId" column="userId" />
			<result property="firstName" column="firstName" />
			<result property="surname" column="surname" />
			<result property="phoneActivated" column="phoneactivated" />
			<result property="login" column="login" />
			<result property="userName" column="username" />
			<result property="phone" column="phoneno" />
			<result property="nip" column="nip" />
			<result property="regon" column="regon" />
			<result property="companyName" column="companyname" />
			<result property="company" column="company" />
		</association>
	</resultMap>
	
	<resultMap id="smsTemplateResultMap" type="pl.op.model.sms.SMSTemplate">
		<id property="idSMSTemplate" column="idsmstemplate" />
		<result property="name" column="name" />
		<result property="content" column="content" />
		<result property="language" column="language" />
	</resultMap>
	
	<resultMap id="smsOperationTypeResultMap" type="pl.op.model.sms.SMSOperationType">
		<id property="idSMSOperationType" column="idsmsoperationtype" />
		<result property="smsOperationType" column="smsoperationtype" />
		<result property="smsOperationTypeDesc" column="smsoperationtypedesc" />
	</resultMap>
	
	

	<select id="getSMSById" parameterType="java.lang.Long" resultMap="smsResultMap">
		SELECT *
		FROM tb_sms
		LEFT JOIN tb_smsoperationtype ON operationtype_idsmsoperationtype = idsmsoperationtype
		LEFT JOIN tb_userapp ON userid = useridapp
		WHERE idsms = #{id}
	</select>
	
	<select id="getSMSByCode" parameterType="java.lang.Integer" resultMap="smsResultMap">
		SELECT *
		FROM tb_sms
		LEFT JOIN tb_smsoperationtype ON operationtype_idsmsoperationtype = idsmsoperationtype
		LEFT JOIN tb_userapp ON userid = useridapp
		WHERE smscode = #{code}
	</select>
	
	<select id="getLastSMSByUserAndOperation" parameterType="map" resultMap="smsResultMap">
		SELECT *
		FROM tb_sms
		LEFT JOIN tb_smsoperationtype ON operationtype_idsmsoperationtype = idsmsoperationtype
		LEFT JOIN tb_userapp ON userid = useridapp
		WHERE idsms = (
			SELECT MAX(idsms)
			FROM tb_sms x LEFT JOIN tb_smsoperationtype y
			ON x.operationtype_idsmsoperationtype = y.idsmsoperationtype
			WHERE userid=#{user.userId} AND smsoperationtype=#{smsOperationType}
		)
	</select>
	
	<select id="getSMSCodesTodayByUserAndOperation" parameterType="map" resultType="java.lang.Integer">
		SELECT smscode
		FROM tb_sms
		LEFT JOIN tb_smsoperationtype ON operationtype_idsmsoperationtype = idsmsoperationtype
		LEFT JOIN tb_userapp ON userid = useridapp
		WHERE userid=#{user.userId} AND smsoperationtype=#{smsOperationType} AND date_trunc('day',sendtime) = date_trunc('day', now())
	</select>
	
	<select id="getSMSOperationTypeByType" parameterType="java.lang.String" resultMap="smsOperationTypeResultMap">
		SELECT *
		FROM tb_smsoperationtype
		WHERE smsoperationtype = #{smsOperationType}
	</select>
	
	<insert id="saveSMS" parameterType="pl.op.model.sms.SMS">
		<selectKey keyProperty="idSMS" resultType="long"
			order="BEFORE"> select nextval('sms_id_seq') </selectKey>
		<!-- uwaga na funkcje przy migracji na inna baze -->
		INSERT into tb_sms (
			idsms,
			sendtime,
			smscode,
			smscounter,
			smsdata,
			smsphonenumber,
			smssendstatus,
			smstemplateid,
			smstype,
			smscodecounter,
			operationtype_idsmsoperationtype,
			userid
		) VALUES (
			#{idSMS},
			#{sendTime},
			#{smsCode},
			(SELECT (coalesce(max(smscounter),0)+1) FROM tb_sms WHERE userid=#{userApp.userId} and date_trunc('day',sendtime) = date_trunc('day', now())),
			#{smsData},
			#{smsPhoneNumber},
			#{smsSendStatus},
			#{smsTemplateId},
			#{smsType},
			#{smsCodeCounter},
			#{operationType.idSMSOperationType},
			#{userApp.userId}
		)
	</insert>
	
	<insert id="saveSMSOperationType" parameterType="pl.op.model.sms.SMSOperationType">
		<selectKey keyProperty="idSMS" resultType="long"
			order="BEFORE"> select nextval('sms_id_seq') </selectKey>
		INSERT into tb_sms (
			idsmsoperationtype,
			smsoperationtype,
			smsoperationtypedesc
		) VALUES (
			#{idSMSOperationType},
			#{smsOperationType},
			#{smsOperationTypeDesc}
		)
	</insert>
	
	<update id="updateSMS" parameterType="pl.op.model.sms.SMS">
		UPDATE tb_sms SET
			sendtime=#{sendTime},
			smscode=#{smsCode},
			smscounter=#{smsCounter},
			smsdata=#{smsData},
			smsphonenumber=#{smsPhoneNumber},
			smssendstatus=#{smsSendStatus},
			smstemplateid=#{smsTemplateId},
			smstype=#{smsType},
			smscodecounter=#{smsCodeCounter},
			operationtype_idsmsoperationtype=#{operationType.idSMSOperationType},
			userid=#{userApp.userId}
		WHERE idsms = #{idSMS}
	</update>
	
	<select id="getSMSTemplateByName" parameterType="map" resultMap="smsTemplateResultMap">
		SELECT *
		FROM tb_smstemplate
		WHERE name = #{name} and language = #{language}
	</select>
	
</mapper>