<!DOCTYPE mapper PUBLIC "-//mybatis.org//DTD Mapper 3.0//EN" "http://mybatis.org/dtd/mybatis-3-mapper.dtd">

<mapper namespace="pl.op.dao.StereotypeInterface">

	<resultMap id="StereotypeResultMap" type="pl.op.model.stereotype.Stereotype">
		<id property="stereotypeId" column="stereotypeId" />
		<result property="stereotypeName" column="stereotypeName" />
		<result property="stereotypeDescription" column="stereotypeDescription" />
		<result property="removed" column="removed" />
		<result property="mediumYearConsumption" column="mediumYearConsumption" />
		<result property="mediumYearProduction" column="mediumYearProduction" />
		<result property="iconPath" column="iconPath" />
		<result property="iconContent" column="iconContent" />
	</resultMap>

	<select id="getStereotypes" parameterType="pl.op.model.stereotype.Sector"
		resultType="pl.op.model.stereotype.Stereotype">
		SELECT DISTINCT s.stereotypeId, s.* FROM tb_stereotype s
		LEFT JOIN tb_sector b ON
		b.stereotypeId=s.stereotypeId
		WHERE s.removed IS NOT TRUE
		<if test="isHidden != null">
			and b.isHidden = #{isHidden}
		</if>
		<if
			test="stereotype != null and stereotype.stereotypeType != null and !''.equals(stereotype.stereotypeType)">
			and UPPER(s.stereotypeType) like
			UPPER(#{stereotype.stereotypeType})
		</if>
		ORDER BY s.orderId ASC
	</select>

	<select id="getStereotypesList" resultMap="StereotypeResultMap">
		SELECT *
		FROM tb_stereotype
	</select>

	<select id="getStereotypePPEReport" resultType="pl.op.model.stereotype.StereotypePPEReport">
		SELECT
		SUM(p.value) as ppeValue, s.mediumyearconsumption as stereotypeValue,
		u.firstname, u.surname, u.login
		FROM tb_stereotype s
		LEFT JOIN tb_sector
		b
		ON s.stereotypeId = b.stereotypeId
		LEFT JOIN tb_userApp u
		ON u.sectorID
		= b.sectorId
		LEFT JOIN tb_location l
		ON l.userId = u.userId
		LEFT JOIN
		tb_ppe p
		ON p.locationId = l.locationId
		WHERE u.login IS NOT NULL AND
		u.isCompany = false
		AND 
		u.removed = false
		GROUP BY p.value, s.mediumyearconsumption,
		u.firstname, u.surname, u.login
	</select>

	<select id="getStereotypeById" parameterType="integer"
		resultType="pl.op.model.stereotype.Stereotype">
		SELECT *
		FROM tb_stereotype
		WHERE stereotypeId = #{id}
	</select>

	<select id="getStereotypeByImageName" parameterType="String"
		resultType="pl.op.model.stereotype.Stereotype">
		SELECT *
		FROM tb_stereotype
		WHERE iconPath = #{iconPath}
	</select>

	<select id="getStereotypeBySector" parameterType="pl.op.model.stereotype.Sector"
		resultType="pl.op.model.stereotype.Stereotype">
		SELECT s.*
		FROM tb_stereotype s
		LEFT JOIN tb_sector b
		ON
		b.stereotypeId = s.stereotypeId
		WHERE b.sectorId = #{sectorId}
	</select>

	<select id="getStereotypeBySectorId" parameterType="pl.op.model.stereotype.Sector"
		resultType="pl.op.model.stereotype.Stereotype">
		SELECT s.*
		FROM tb_stereotype s
		LEFT JOIN tb_sector b
		ON
		b.stereotypeId = s.stereotypeId
		WHERE b.sectorId = #{sectorId}
	</select>

	<insert id="saveStereotype" parameterType="pl.op.model.stereotype.Stereotype">
		<selectKey keyProperty="stereotypeId" resultType="int"
			order="BEFORE">
			select nextval('stereotype_id_seq')
		</selectKey>
		INSERT INTO tb_stereotype (
		stereotypeid, stereotypename,
		stereotypedescription, mediumyearproduction, mediumyearconsumption,
		creationdate, removed, iconPath, iconContent, orderId
		)VALUES(
		#{stereotypeId},
		#{stereotypeName},
		#{stereotypeDescription},
		#{mediumYearProduction},
		#{mediumYearConsumption}, #{creationDate},
		#{removed}, #{iconPath},
		#{iconContent}, #{orderId}
		)

	</insert>

	<update id="updateStereotype" parameterType="pl.op.model.stereotype.Stereotype">
		UPDATE tb_stereotype
		SET
		stereotypename = #{stereotypeName},
		stereotypedescription =
		#{stereotypeDescription},
		mediumyearproduction =
		#{mediumYearProduction},
		mediumyearconsumption =
		#{mediumYearConsumption},
		removed = #{removed},
		iconPath= #{iconPath},
		iconContent=#{iconContent},
		orderId=#{orderId}
		WHERE
		stereotypeid=#{stereotypeId}
	</update>

	<resultMap id="SectorResultMap" type="pl.op.model.stereotype.Sector">
		<id property="sectorId" column="sectorId" />
		<result property="sectorName" column="sectorName" />
		<result property="isHidden" column="isHidden" />
		<association property="stereotype" column="stereotypeId"
			resultMap="StereotypeResultMap">
		</association>
	</resultMap>


	<select id="getSectorByStereotypeId" parameterType="Integer"
		resultMap="SectorResultMap">
		SELECT b.*, s.*
		FROM tb_sector b
		LEFT JOIN tb_stereotype s
		ON
		s.stereotypeId = b.stereotypeId
		WHERE b.stereotypeid = #{stereotypeId}
                LIMIT 1
	</select>

	<select id="getSectors" parameterType="pl.op.model.stereotype.Sector"
		resultType="pl.op.model.stereotype.Sector">
		SELECT *
		FROM tb_sector
		WHERE 1=1
		<if test="isHidden != null">
			and isHidden = #{isHidden}
		</if>
	</select>
</mapper>