<!DOCTYPE mapper PUBLIC "-//mybatis.org//DTD Mapper 3.0//EN" "http://mybatis.org/dtd/mybatis-3-mapper.dtd">

<mapper namespace="pl.op.dao.StreetInterface">

	<resultMap id="StreetResultMap" type="pl.op.model.dict.Street">
		<id property="streetId" column="streetId" />
		<result property="streetName" column="streetName" />
		<association property="city" column="cityId"
			resultMap="pl.op.dao.CityInterface.CityResultMap" >

                </association>
	</resultMap>
        


	<select id="getStreets" resultMap="StreetResultMap"
		parameterType="pl.op.model.dict.Street">
		SELECT *
		FROM tb_street
		WHERE 1=1
		<if test="city != null and city.cityId !=null">
			and cityId = #{city.cityId}
		</if>
		ORDER BY streetName ASC
	</select>

	<select id="searchStreets" parameterType="pl.op.model.dict.Street" resultMap="StreetResultMap">
		SELECT *
		FROM tb_street
		WHERE 1=1
		<if test="streetId != null">
			and streetId = #{streetId}
		</if>
		<if test="streetName != null and !''.equals(streetName)">
			and LOWER(streetName) LIKE CONCAT(#{streetName},'%')
		</if>
		<if test="cityId != null">
			and cityId = #{cityId}
		</if>
		ORDER BY streetName ASC
		<if test="limit != null">
			LIMIT #{limit}
		</if>
	</select>

	<select id="getStreetsList" resultMap="StreetResultMap">
		(SELECT *
		FROM tb_street s
		LEFT JOIN tb_city c
		ON
		s.cityId = c.cityId)
		ORDER BY streetName ASC
	</select>

	<select id="getStreetBySymbol" parameterType="java.lang.String"
		resultMap="StreetResultMap">
		SELECT s.*, c.*
		FROM tb_street s
		JOIN tb_city c
		ON s.cityid = c.cityid
		WHERE s.symbol = #{symbol}
	</select>
	
	<select id="getStreetsByName" parameterType="java.lang.String"
		resultMap="StreetResultMap">
		SELECT *
		FROM tb_street s
		LEFT JOIN tb_city c
		ON
		s.cityId = c.cityId
		WHERE streetName ~* #{streetName}
	</select>

	<select id="getStreet" parameterType="pl.op.model.dict.Street"
		resultType="pl.op.model.dict.Street">
		SELECT s.*
		FROM tb_street s
		LEFT JOIN tb_city c ON c.cityId = s.cityId 
		WHERE
		s.streetName = #{streetName}
		<if test="city != null">
			<if test="city.cityId != null">
				and c.cityId = #{city.cityId}
			</if>
			<if test="city.area != null">
				<if test="city.area.areaId != null">
					AND c.areaId = #{city.area.areaId}
				</if>
			</if>
		</if>
		LIMIT 1
	</select>

	<insert id="saveStreet" parameterType="pl.op.model.dict.Street">
		<selectKey keyProperty="streetId" resultType="integer"
			order="BEFORE">
			select nextval('street_id_seq')
		</selectKey>
		insert into tb_street (
		streetId,
		streetName,
		cityId,
		symbol,
		removed
		)values (
		#{streetId},
		#{streetName},
		#{city.cityId},
		#{symbol},
		#{removed}
		)
	</insert>

	<insert id="saveStreetWithCityId">
		<selectKey keyProperty="streetId" resultType="integer"
			order="BEFORE">
			select nextval('street_id_seq')
		</selectKey>
		insert into tb_street (
		streetId,
		streetName,
		cityId,
		symbol,
		removed
		)values (
		#{streetId},
		#{street.streetName},
		#{cityId},
		#{street.symbol},
		FALSE
		)
	</insert>

	<update id="updateStreet" parameterType="pl.op.model.dict.Street">
		UPDATE tb_street SET
		streetName = #{streetName},
		cityId = #{city.cityId}
		WHERE streetId =
		#{streetId}
	</update>

	<delete id="deleteStreet" parameterType="pl.op.model.dict.Street">
		DELETE FROM tb_street
		WHERE
		streetId = #{streetId}
	</delete>
</mapper>