<!DOCTYPE mapper PUBLIC "-//mybatis.org//DTD Mapper 3.0//EN" "http://mybatis.org/dtd/mybatis-3-mapper.dtd">

<mapper namespace="pl.op.dao.TariffInterface">

	<resultMap id="TariffResultMap" type="pl.op.model.dict.Tariff">
		<id property="tariffId" column="tariffId" />
		<result property="tariffName" column="tariffName" />
		<collection property="priceComponents"
			resultMap="pl.op.dao.PriceComponentInterface.PriceComponentMap" />
	</resultMap>

	<select id="getTariffs" parameterType="pl.op.model.dict.Tariff"
		resultMap="TariffResultMap">
		SELECT t.*, tpc.*, pc.*
		FROM tb_tariff t
		LEFT JOIN
		tb_tariffpricecomponent tpc
		ON
		t.tariffId = tpc.tariffId
		LEFT JOIN
		tb_pricecomponent pc
		ON
		tpc.priceComponentId = pc.priceComponentId
		WHERE
		1=1
		<if test="tariffName != null and !''.equals(tariffName)">
			AND tariffName LIKE upper(CONCAT('%',#{tariffName},'%'))
			<if test="tariffNameFilter != null and !''.equals(tariffNameFilter)">
				OR tariffName LIKE
				upper(CONCAT('%',#{tariffNameFilter},'%'))
			</if>
		</if>
	</select>

	<select id="getTariffById" parameterType="integer" resultMap="TariffResultMap">
		SELECT *
		FROM tb_tariff
		WHERE tariffId = #{id}
	</select>

	<insert id="saveTariff" parameterType="pl.op.model.dict.Tariff">
		<selectKey keyProperty="tariffId" resultType="integer"
			order="BEFORE">
			select nextval('tariff_id_seq')
		</selectKey>
		insert into tb_tariff (
		tariffId,
		tariffName,
		removed
		)values (
		#{tariffId},
		#{tariffName},
		FALSE
		)
	</insert>

	<insert id="saveTariffPriceComponent">
		<foreach collection="priceComponentList" item="priceComponent"
			separator=";">
			insert into tb_tariffpricecomponent (
			tariffId,
			priceComponentId
			)values (
			#{tariffId},
			#{priceComponent}
			)
		</foreach>
	</insert>

	<delete id="deleteTariffPriceComponent">
		<foreach collection="selectedPriceComponentList" item="priceComponent"
			separator=";">
			DELETE FROM tb_tariffpricecomponent
			WHERE
			tariffId = #{tariffId}
			AND
			priceComponentId = #{priceComponent}
		</foreach>
	</delete>

	<delete id="deleteTariff" parameterType="pl.op.model.dict.Tariff">
		DELETE FROM tb_tariff
		WHERE
		tariffId = #{tariffId}
	</delete>

	<update id="updateTariff" parameterType="pl.op.model.dict.Tariff">
		UPDATE tb_tariff SET
		tariffName = #{tariffName}
		WHERE tariffId = #{tariffId}
	</update>

	<insert id="savePPETariff" parameterType="pl.op.model.dict.PPETariff">
		<selectKey keyProperty="ppeTariffId" resultType="integer"
			order="BEFORE">
			select nextval('ppetariff_id_seq')
		</selectKey>
		insert into tb_ppetariff (
		ppeTariffId,
		startDate,
		ppeId,
		tariffId
		)values
		(
		#{ppeTariffId},
		current_timestamp,
		#{ppe.ppeId},
		#{ppe.tariff.tariffId}
		)
	</insert>

	<update id="updatePPETariff" parameterType="pl.op.model.dict.PPETariff">
		UPDATE tb_ppetariff
		SET
		endDate = current_timestamp
		WHERE ppeId = #{ppe.ppeId} and endDate
		IS NULL
	</update>
</mapper>