<!DOCTYPE mapper PUBLIC "-//mybatis.org//DTD Mapper 3.0//EN" "http://mybatis.org/dtd/mybatis-3-mapper.dtd">

<mapper namespace="pl.op.dao.UserInterface">

	<resultMap id="userIdsResultMap" type="pl.op.model.user.UserApp">
		<id property="userId" column="userId" />
		<result property="login" column="login" />
		<result property="password" column="password" />
		<result property="userRole" column="userRole" />
		<result property="userType" column="userType" />
		<result property="agree" column="agree" />
		<result property="creationDate" column="creationDate" />
		<result property="firstName" column="firstName" />
		<result property="surname" column="surname" />
		<result property="phone" column="phone" />
		<result property="nip" column="nip" />
		<result property="pesel" column="pesel" />
		<result property="krs" column="krs" />
		<result property="regon" column="regon" />
        <result property="companyName" column="companyName" />
		<result property="active" column="active" />
		<result property="removed" column="removed" />
		<result property="canBeDeleted" column="canBeDeleted" />
		<result property="firstLogin" column="firstLogin" />
		<result property="recommendation" column="recommendation" />
		<result property="activateKey" column="activateKey" />
		<result property="phoneActivated" column="phoneActivated" />
		<result property="birthDate" column="birthDate" />
		<result property="isCompany" column="isCompany" />
		<association property="sector"
			resultMap="pl.op.dao.StereotypeInterface.SectorResultMap" />
		<association property="salesman" column="salesmanId"
			javaType="pl.op.model.salesman.Salesman">
			<id property="salesmanId" column="salesmanId" />
			<result property="salesmanName" column="salesmanName" />
			<result property="nip" column="nip" />
			<result property="removed" column="removed" />
			<result property="regon" column="regon" />
			<result property="email" column="email" />
			<result property="krs" column="krs" />
			<result property="licenseNumber" column="licenseNumber" />
			<result property="greenEnergyPercent" column="greenEnergyPercent" />
		</association>
	</resultMap>

	<select id="getUserByPPE" parameterType="java.lang.Integer"
		resultMap="userIdsResultMap">
		SELECT u.* FROM tb_userapp u 
                Left Join tb_location l ON l.userid = u.userid 
                Left Join tb_ppe p ON p.locationid = l.locationid 
                where l.locationid is not null and u.removed = 'FALSE' and p.ppeid = #{idPPE}
	</select>

	<select id="getUserByLogin" parameterType="java.lang.String"
		resultMap="userIdsResultMap">
		SELECT *
		FROM tb_userapp
		WHERE login = #{login}
		AND
		tb_userapp.removed is not true
	</select>

	<select id="filterUsers" parameterType="pl.op.model.user.UserApp"
		resultMap="userIdsResultMap">
		SELECT *
		FROM tb_userapp
		WHERE not removed
		AND not userRole = 'admin'
		<if test="userRole != null">
			AND userRole ~* #{userRole}
		</if>
		<if test="login != null">
			AND login ~* #{login}
		</if>
		<if test="surname != null">
			AND surname ~* #{surname}
		</if>
	</select>

	<select id="getOperatorsIdList" resultType="java.lang.Integer">
		SELECT userid
		FROM
		tb_userapp
		WHERE userRole = 'operator'
	</select>

	<select id="getUserAppbyId" parameterType="integer"
		resultType="pl.op.model.user.UserApp">
		SELECT *
		FROM tb_userapp
		WHERE userId = #{userId}
	</select>

	<select id="getAllUserApp" parameterType="pl.op.model.user.UserApp"
		resultType="pl.op.model.user.UserApp">
		SELECT userId,
		firstName,
		surname, login
		FROM tb_userapp
		WHERE 1=1
		<if test="removed != null">
			and removed = #{removed}
		</if>
		<if test="active != null">
			and active = #{active}
		</if>
	</select>

	<select id="getUsersByRoleNoAdminAndOperator" resultType="pl.op.model.user.UserApp">
		SELECT
		*
		FROM tb_userapp
		WHERE
		userRole != 'operator' AND userRole != 'admin'
		and removed = 'FALSE'
	</select>

	<select id="getUsers" parameterType="pl.op.model.user.UserApp"
		resultMap="userIdsResultMap">
		SELECT u.*, s.*,b.*
		FROM tb_userapp u
		LEFT JOIN tb_sector b
		ON b.sectorId
		= u.sectorId
		LEFT JOIN tb_stereotype s
		ON b.stereotypeId =
		s.stereotypeId
		LEFT JOIN tb_location l
		ON l.userId = u.userId
		LEFT JOIN
		tb_street st
		ON st.streetId = l.streetId
		LEFT JOIN tb_city c
		ON c.cityId
		= st.cityId
		WHERE 1=1
		<if test="firstName != null and !''.equals(firstName)">
			and UPPER(u.firstName) like
			upper(CONCAT('%',#{firstName},'%'))
		</if>
		<if test="surname != null and !''.equals(surname)">
			and UPPER(u.surname) like
			upper(CONCAT('%',#{surname},'%'))
		</if>
		<if test="login != null and !''.equals(login)">
			and UPPER(u.login) like upper(CONCAT('%',#{login},'%'))
		</if>
		<if test="active != null">
			and u.active = #{active}
		</if>
		<if test="removed != null">
			and u.removed = #{removed}
		</if>
		<if test="userRole != null">
			and u.userRole = #{userRole}
		</if>
		<if test="sector != null">
			<if
				test="sector.stereotype != null and sector.stereotype.stereotypeId != null">
				and s.stereotypeId = #{sector.stereotype.stereotypeId}
			</if>
		</if>
		<if test="location != null">
			<if test="location.zipCode != null and !''.equals(location.zipCode)">
				and l.zipCode LIKE #{location.zipCode}
			</if>
			<if
				test="location.street.streetName != null and !''.equals(location.street.streetName)">
				and st.streetName LIKE
				upper(CONCAT('%',#{location.street.streetName},'%'))
			</if>
			<if test="location.street.city.cityId != null">
				and c.cityId = #{location.street.city.cityId}
			</if>
			<if test="location.street.city.area.areaId != null">
				and c.areaId = #{location.street.city.area.areaId}
			</if>
		</if>
	</select>

	<select id="getUsersList" resultMap="userIdsResultMap">
		SELECT u.*, s.*,b.*
		FROM
		tb_userapp u
		LEFT JOIN tb_sector b
		ON
		b.sectorId
		= u.sectorId
		LEFT JOIN
		tb_stereotype s
		ON b.stereotypeId =
		s.stereotypeId
		LEFT JOIN tb_location
		l
		ON l.userId = u.userId
		LEFT JOIN
		tb_street st
		ON st.streetId =
		l.streetId
		LEFT JOIN tb_city c
		ON c.cityId
		= st.cityId
		WHERE
		u.removed =
		'FALSE'
		AND not u.userRole = 'admin'
	</select>

	<select id="getUserByScreenName" parameterType="java.lang.String"
		resultMap="userIdsResultMap">
		SELECT userid
		FROM tb_userapp
		WHERE username = #{userName}
	</select>

	<select id="findUsersBysurname" resultMap="userIdsResultMap">
		SELECT userid,
		firstName, surname FROM tb_userapp
	</select>

	<select id="getUsersBySalesman" parameterType="pl.op.model.salesman.Salesman"
		resultType="pl.op.model.user.UserApp">
		SELECT *
		FROM tb_userapp
		WHERE removed = false AND salesmanId
		= #{salesmanId}
	</select>

	<insert id="saveUser" parameterType="pl.op.model.user.UserApp">
		<selectKey keyProperty="userId" resultType="integer" order="BEFORE">
			select nextval('user_id_seq')
		</selectKey>
		insert into tb_userapp (
		userId,
		login,
		password,
		userRole,
		userType,
		agree, creationDate,
		firstName,
		companyName,
		surname,
		phone,
		nip,
		krs,
		pesel,
		regon,
		active,
		removed,
		canBeDeleted,
		firstLogin,
		recommendation,
		activateKey,
		phoneActivated,
		salesmanId,
		birthDate,
		isCompany
		)values (
		#{userId},
		#{login},
		#{password},
		#{userRole},
		#{userType},
		#{agree},
		#{creationDate},
		#{firstName},
		#{companyName},
		#{surname},
		#{phone},
		#{nip},
		#{krs},
		#{pesel},
		#{regon},
		#{active},
		#{removed},
		#{canBeDeleted},
		#{firstLogin},
		#{recommendation},
		#{activateKey},
		#{phoneActivated},
		#{salesman.salesmanId},
		#{birthDate},
		#{isCompany}
		)
	</insert>

	<update id="updatePassword" parameterType="pl.op.model.user.UserApp">
		UPDATE tb_userapp SET
		password = #{password}
		WHERE userId = #{userId}
	</update>

	<update id="updateActivationCode" parameterType="pl.op.model.user.UserApp">
		UPDATE
		tb_userapp SET
		activateKey = #{activateKey}
		WHERE userId =
		#{userId}
	</update>

	<update id="updateUser" parameterType="pl.op.model.user.UserApp">
		UPDATE tb_userapp SET
		userId = #{userId},
		login = #{login},
		password = #{password},
		userRole =
		#{userRole},
		userType = #{userType},
		agree = #{agree},
		creationDate =
		#{creationDate},
		firstName =
		#{firstName},
		surname = #{surname},
		phone =
		#{phone},
		nip = #{nip},
		pesel = #{pesel},
		krs = #{krs},
		regon = #{regon},
		companyName = #{companyName},
		active = #{active},
		removed =
		#{removed},
		canBeDeleted =
		#{canBeDeleted},
		firstLogin = #{firstLogin},
		recommendation =
		#{recommendation},
		activateKey = #{activateKey},
		phoneActivated =
		#{phoneActivated},
		sectorid =
		#{sector.sectorId},
		birthDate = #{birthDate},
		isCompany = #{isCompany}
		WHERE
		userId =
		#{userId}
	</update>

	<delete id="deleteUser" parameterType="pl.op.model.user.UserApp">
		UPDATE tb_userapp SET
		removed = TRUE
		WHERE userId = #{userId}
	</delete>

	<select id="getUsersMatchToCloud" parameterType="pl.op.model.cloud.Cloud"
		resultType="pl.op.model.user.UserApp">
		SELECT u.*
		FROM tb_userapp u 
		LEFT JOIN tb_usercloud uc ON uc.userId = u.userId
		LEFT JOIN tb_sector s ON s.sectorId = u.sectorId
		LEFT OUTER JOIN tb_location l ON l.userId = u.userId
		LEFT OUTER JOIN tb_ppe p ON p.locationId = l.locationId
		LEFT OUTER JOIN tb_ppetariff pt ON pt.ppeId = p.ppeId
		LEFT OUTER JOIN tb_street ul ON ul.streetId = l.streetId
		LEFT OUTER JOIN tb_city c ON c.cityId = ul.cityId
		LEFT OUTER JOIN tb_area a ON a.areaId = c.areaId
		WHERE u.removed = false
		
		<if test="isCompany != null">
			AND u.isCompany = #{isCompany}
		</if>
		<if test="tariff != null">
			AND pt.tariffId=#{tariff.tariffId}
			AND pt.endDate IS NULL
		</if>
		<if test="areas != null">
			<if test="areas.size() > 0">
				AND a.areaId IN
				<foreach item="area" index="index" collection="areas" open="("
					separator="," close=")">
					#{area.areaId}
				</foreach>
			</if>
		</if>
		<if test="cities != null">
			<if test="cities.size() > 0">
				AND c.cityId IN
				<foreach item="city" index="index" collection="cities" open="("
					separator="," close=")">
					#{city.cityId}
				</foreach>
			</if>
		</if>
		<if test="streets != null">
			<if test="streets.size() > 0">
				AND ul.streetId IN
				<foreach item="street" index="index" collection="streets"
					open="(" separator="," close=")">
					#{street.streetId}
				</foreach>
			</if>
		</if>
		<if test="cloudId != null">
			AND uc.cloudId NOT IN (#{cloudId})
		</if>
		<if test="stereotype != null">
                    <if test="stereotype.stereotypeId != null">
			AND s.stereotypeId = #{stereotype.stereotypeId}
                    </if>    
		</if>
		GROUP BY (u.userId)
	</select>
</mapper>