<!DOCTYPE mapper PUBLIC "-//mybatis.org//DTD Mapper 3.0//EN" "http://mybatis.org/dtd/mybatis-3-mapper.dtd">

<mapper namespace="pl.op.dao.UserPointsInterface">

	<resultMap id="UserPointsResultMap" type="pl.op.model.bonus.UserPoints">
		<id property="userPointsId" column="userPointsId" />
		<result property="isGranted" column="isGranted" />
		<result property="noRepeats" column="noRepeats" />
		<result property="updatedAt" column="updatedAt" />
		<association property="user" column="userId"
			javaType="pl.op.model.user.UserApp">
			<id property="userId" column="userId" />
			<result property="login" column="login" />
			<result property="firstName" column="firstName" />
			<result property="surname" column="surname" />
			<result property="creationDate" column="creationDate" />
			<result property="fullName" />
		</association>
		<association property="pointsRules" column="pointsRulesId"
			javaType="pl.op.model.bonus.PointsRules">
			<id property="pointsRulesId" column="pointsRulesId" />
			<result property="bonusName" column="bonusName" />
			<result property="isActive" column="isActive" />
			<result property="pointsAmount" column="pointsAmount" />
		</association>
	</resultMap>
	
	<select id="getUserPoints" resultMap="UserPointsResultMap">
		SELECT *
		FROM tb_userpoints
	</select>

	<select id="getUserPointsById" parameterType="integer" resultMap="UserPointsResultMap">
		SELECT *
		FROM tb_userpoints
		WHERE userPointsId = #{id}
	</select>

	<select id="getUserPointsByPointsRules" parameterType="pl.op.model.bonus.PointsRules" resultMap="UserPointsResultMap">
		SELECT up.*, pr.*, u.*
		FROM tb_userpoints up
		LEFT JOIN tb_pointsrules pr
		ON up.pointsRulesId=pr.pointsRulesId
		LEFT JOIN tb_userapp u
		ON up.userId=u.userId
		WHERE up.pointsRulesId = #{pointsRulesId}
	</select>

	<select id="getUserPointsByUserApp" parameterType="pl.op.model.user.UserApp" resultMap="UserPointsResultMap">
		SELECT up.*, pr.*, u.*
		FROM tb_userpoints up
		LEFT JOIN tb_userapp u
		ON up.userId=u.userId
		LEFT JOIN tb_pointsrules pr
		ON up.pointsRulesId=pr.pointsRulesId
		WHERE up.userId = #{userId}
	</select>

	<select id="getUserPointsByUserAppIsBuy" resultMap="UserPointsResultMap">
		SELECT up.*, pr.*, u.*
		FROM tb_userpoints up
		LEFT JOIN tb_userapp u
		ON up.userId=u.userId
		LEFT JOIN tb_pointsrules pr
		ON up.pointsRulesId=pr.pointsRulesId
		WHERE up.userId = #{userId}
		AND up.pointsRulesId IN
		<foreach item="pointsRules" index="index" collection="pointsRulesIds" open="(" separator="," close=")">
			#{pointsRules.pointsRulesId}
		</foreach>
	</select>

	<select id="getUserPointsIsBuy" resultMap="UserPointsResultMap">
		SELECT up.*, pr.*, u.*
		FROM tb_userpoints up
		LEFT JOIN tb_userapp u
		ON up.userId=u.userId
		LEFT JOIN tb_pointsrules pr
		ON up.pointsRulesId=pr.pointsRulesId
		WHERE up.isGranted = #{isGranted}
		AND up.pointsRulesId IN
		<foreach item="pointsRules" index="index" collection="pointsRulesIds" open="(" separator="," close=")">
			#{pointsRules.pointsRulesId}
		</foreach>
	</select>

	<select id="getUserPointsByPointsRulesAndUserApp" resultMap="UserPointsResultMap">
		SELECT up.*, pr.*, u.*
		FROM tb_userpoints up
		LEFT JOIN tb_pointsrules pr
		ON up.pointsRulesId=pr.pointsRulesId
		LEFT JOIN tb_userapp u
		ON up.userId=u.userId
		WHERE up.pointsRulesId = #{pointsRulesId} AND up.userId = #{userId}
	</select>

	<select id="getUserPointsNotGrantedByPointsRulesAndUserApp" resultMap="UserPointsResultMap">
		SELECT up.*, pr.*, u.*
		FROM tb_userpoints up
		LEFT JOIN tb_pointsrules pr
		ON up.pointsRulesId=pr.pointsRulesId
		LEFT JOIN tb_userapp u
		ON up.userId=u.userId
		WHERE up.pointsRulesId = #{pointsRulesId} AND up.userId = #{userId} AND up.isGranted = FALSE
	</select>

	<select id="getUserPointsGrantedByPointsRulesAndUserApp" resultMap="UserPointsResultMap">
		SELECT up.*, pr.*, u.*
		FROM tb_userpoints up
		LEFT JOIN tb_pointsrules pr
		ON up.pointsRulesId=pr.pointsRulesId
		LEFT JOIN tb_userapp u
		ON up.userId=u.userId
		WHERE up.pointsRulesId = #{pointsRulesId} AND up.userId = #{userId} AND up.isGranted = TRUE
	</select>

	<select id="getUserPointsLastGrantedByPointsRulesAndUserApp" resultType="pl.op.model.bonus.UserPoints">
		SELECT up.*
		FROM tb_userpoints up
		WHERE up.pointsRulesId = #{pointsRulesId} AND up.userId = #{userId} AND up.isGranted = TRUE
		ORDER BY up.updatedAt DESC
		LIMIT 1
	</select>

	<select id="getUserPointsLastNotGrantedByPointsRulesAndUserApp" resultType="pl.op.model.bonus.UserPoints">
		SELECT up.*
		FROM tb_userpoints up
		WHERE up.pointsRulesId = #{pointsRulesId} AND up.userId = #{userId} AND up.isGranted = FALSE
		ORDER BY up.updatedAt DESC
		LIMIT 1
	</select>

	<insert id="saveUserPoints" parameterType="pl.op.model.bonus.UserPoints">
		<selectKey keyProperty="userPointsId" resultType="integer" order="BEFORE">
			select nextval('userpoints_id_seq')
		</selectKey>
		insert into tb_userpoints (
		userPointsId,
		isGranted,
		noRepeats,
		updatedAt,
		pointsRulesId,
		userId
		)values (
		#{userPointsId},
		#{isGranted},
		#{noRepeats},
		#{updatedAt},
		#{pointsRules.pointsRulesId},
		#{user.userId}
		)
	</insert>

	<update id="updateUserPoints" parameterType="pl.op.model.bonus.UserPoints">
		UPDATE tb_userpoints SET
		isGranted = #{isGranted},
		noRepeats = #{noRepeats},
		updatedAt = #{updatedAt},
		pointsRulesId = #{pointsRules.pointsRulesId},
		userId = #{user.userId}
		WHERE userPointsId = #{userPointsId}
	</update>

	<delete id="deleteUserPoints" parameterType="pl.op.model.bonus.UserPoints">
		DELETE FROM tb_userpoints
		WHERE
		userPointsId = #{userPointsId}
	</delete>
	
</mapper>	