<?xml version="1.0" encoding="UTF-8" ?> <!DOCTYPE log4j:configuration SYSTEM "log4j.dtd">
<log4j:configuration xmlns:log4j="http://jakarta.apache.org/log4j/">
	<appender name="console" class="org.apache.log4j.ConsoleAppender">
		<param name="Threshold" value="info" />
		<param name="Target" value="System.out" />
		<layout class="org.apache.log4j.PatternLayout">
			<param name="ConversionPattern" value="%d{ABSOLUTE} [%t] %-5p %c{1} - %m%n" />
		</layout>
	</appender>
	<appender name="rolling-file" class="org.apache.log4j.RollingFileAppender">
		<param name="file" value="${catalina.base}/logs/op-web.log" />
		<param name="MaxFileSize" value="50MB" />
		<param name="MaxBackupIndex" value="5" />
		<layout class="org.apache.log4j.PatternLayout">
			<param name="ConversionPattern" value="%d [%t] %-5p %l - %m%n" />
		</layout>
	</appender>
	<logger name="org.hibernate">
		<level value="info" />
		<appender-ref ref="rolling-file" />
	</logger>
 	<category name="java.sql"> 
		<priority value="debug" />                 
 		<appender-ref ref="rolling-file" /> 
	</category>  
	<category name="pl.op">
		<priority value="info" />
	</category>
	<root>
		<priority value="info" />
		<appender-ref ref="console" />
		<appender-ref ref="rolling-file" />
	</root>
</log4j:configuration>
