<!DOCTYPE configuration
    PUBLIC "-//mybatis.org//DTD Config 3.0//EN"
    "http://mybatis.org/dtd/mybatis-3-config.dtd">

<configuration>
	<environments default="development">
		<environment id="development">
			<transactionManager type="JDBC" />
			<dataSource type="JNDI">
				<property name="data_source" value="java:/comp/env/jdbc/oprad" />
			</dataSource>
		</environment>
	</environments>
	<mappers>
		<mapper resource="pl/op/dao/UserInterface.xml" />
		<mapper resource="pl/op/dao/DashboardItemInterface.xml" />
		<mapper resource="pl/op/dao/DeviceCategoryInterface.xml" />
		<mapper resource="pl/op/dao/DeviceTypeInterface.xml" />
		<mapper resource="pl/op/dao/DeviceInterface.xml" />
		<mapper resource="pl/op/dao/InvoiceInterface.xml" />
		<mapper resource="pl/op/dao/LocationInterface.xml" />
		<mapper resource="pl/op/dao/PPEInterface.xml" />
		<mapper resource="pl/op/dao/BuildingInterface.xml" />
		<mapper resource="pl/op/dao/Report.xml" />
		<mapper resource="pl/op/dao/SMS.xml" />
		<mapper resource="pl/op/dao/Comments.xml" />
		<mapper resource="pl/op/dao/HelpPageMapper.xml" />
		<mapper resource="pl/op/dao/PrefQuestInterface.xml" />
		<mapper resource="pl/op/dao/QuestItemInterface.xml" />
		<mapper resource="pl/op/dao/QuestValueInterface.xml" />
		<mapper resource="pl/op/dao/SalesmanInterface.xml" />
		<mapper resource="pl/op/dao/AgreementInterface.xml" />
		<mapper resource="pl/op/dao/StereotypeInterface.xml" />
		<mapper resource="pl/op/dao/AuctionInterface.xml" />
		<mapper resource="pl/op/dao/CloudInterface.xml" />
		<mapper resource="pl/op/dao/AreaInterface.xml" />
		<mapper resource="pl/op/dao/CityInterface.xml" />
                <mapper resource="pl/op/dao/EmailInterface.xml" />
		<mapper resource="pl/op/dao/StreetInterface.xml" />
		<mapper resource="pl/op/dao/DistributorInterface.xml" />
		<mapper resource="pl/op/dao/MeterModelInterface.xml" />
		<mapper resource="pl/op/dao/TariffInterface.xml" />
		<mapper resource="pl/op/dao/ObisInterface.xml" />
		<mapper resource="pl/op/dao/PriceComponentInterface.xml" />
		<mapper resource="pl/op/dao/SectorInterface.xml" />
		<mapper resource="pl/op/dao/MessageInterface.xml" />
		<mapper resource="pl/op/dao/MessageAttachmentInterface.xml" />
		<mapper resource="pl/op/dao/OperatorInvoiceInterface.xml" />
		<mapper resource="pl/op/dao/OperatorAgreementInterface.xml" />
		<mapper resource="pl/op/dao/ProfileInterface.xml" />
		<mapper resource="pl/op/dao/SettingsInterface.xml"/>
                <mapper resource="pl/op/dao/DynamicTextInterface.xml"/>
		<mapper resource="pl/op/dao/MeasureInterface.xml"/>
		<mapper resource="pl/op/dao/EventInterface.xml"/>
		<mapper resource="pl/op/dao/PointsRulesInterface.xml"/>
		<mapper resource="pl/op/dao/UserPointsInterface.xml"/>
		<mapper resource="pl/op/dao/NewsletterInterface.xml"/>
		<mapper resource="pl/op/dao/FaqInterface.xml"/>
		<mapper resource="pl/op/dao/MessageRecommendationsInterface.xml"/>
		<mapper resource="pl/op/dao/CommentModuleInterface.xml" />
	</mappers>
</configuration>
