<!DOCTYPE configuration
    PUBLIC "-//mybatis.org//DTD Config 3.0//EN"
    "http://mybatis.org/dtd/mybatis-3-config.dtd">

<configuration>
	<environments default="development">
		<environment id="development">
			<transactionManager type="JDBC"/>
			<dataSource type="JNDI" >
				<property name="data_source" value="java:/comp/env/jdbc/oprad" />
			</dataSource>
		</environment>
	</environments>
	<mappers>
		<mapper resource="pl/op/dao/ExternalInterface.xml" />
	</mappers>
</configuration>
