<?xml version="1.0" encoding="UTF-8"?>
<components xmlns="http://jboss.com/products/seam/components"
	xmlns:core="http://jboss.com/products/seam/core" xmlns:persistence="http://jboss.com/products/seam/persistence"
	xmlns:drools="http://jboss.com/products/seam/drools" xmlns:bpm="http://jboss.com/products/seam/bpm"
	xmlns:security="http://jboss.com/products/seam/security" xmlns:mail="http://jboss.com/products/seam/mail"
	xmlns:web="http://jboss.com/products/seam/web" xmlns:xsi="http://www.w3.org/2001/XMLSchema-instance"
	xmlns:async="http://jboss.com/products/seam/async" xmlns:transaction="http://jboss.com/products/seam/transaction"
	xsi:schemaLocation="http://jboss.com/products/seam/core http://jboss.com/products/seam/core-2.2.xsd
                 http://jboss.com/products/seam/persistence http://jboss.com/products/seam/persistence-2.2.xsd
                 http://jboss.com/products/seam/async http://jboss.com/products/seam/async-2.2.xsd 
                 http://jboss.com/products/seam/drools http://jboss.com/products/seam/drools-2.2.xsd
                 http://jboss.com/products/seam/bpm http://jboss.com/products/seam/bpm-2.2.xsd
                 http://jboss.com/products/seam/security http://jboss.com/products/seam/security-2.2.xsd
                 http://jboss.com/products/seam/mail http://jboss.com/products/seam/mail-2.2.xsd
                 http://jboss.com/products/seam/web http://jboss.com/products/seam/web-2.2.xsd
                 http://jboss.com/products/seam/components http://jboss.com/products/seam/components-2.2.xsd
                 http://jboss.com/products/seam/transaction http://jboss.com/products/seam/transaction-2.0.xsd">


	<core:init debug="false" transaction-management-enabled="false" />

	<persistence:entity-manager-factory
		name="entityManagerFactory" persistence-unit-name="oprad" />

	<transaction:entity-transaction
		entity-manager="#{entityManager}" />

	<persistence:managed-persistence-context
		auto-create="true" name="entityManager" entity-manager-factory="#{entityManagerFactory}" />

	<component name="org.jboss.seam.debug.hotDeployFilter">
		<property name="urlPattern">*.seam</property>
	</component>

	<core:manager concurrent-request-timeout="500"
		conversation-timeout="120000" conversation-id-parameter="cid"
		parent-conversation-id-parameter="pid" />

	<web:hot-deploy-filter url-pattern="*.seam" />

	<drools:rule-base name="securityRules">
		<drools:rule-files>
			<value>/security.drl</value>
		</drools:rule-files>
	</drools:rule-base>

	<security:rule-based-permission-resolver
		security-rules="#{securityRules}" />

	<security:identity authenticate-method="#{op.authenticator.authenticate}"
		remember-me="true" />


	<event type="org.jboss.seam.security.notLoggedIn">
    	<action execute="#{redirect.captureCurrentView}"/>
    </event>
    	
    <event type="org.jboss.seam.security.loginSuccessful">
		<action execute="#{redirect.returnToCapturedView}"/>
	</event>

	<web:exception-filter url-pattern="*.seam" />
	<web:redirect-filter url-pattern="*.seam" />
	<web:rewrite-filter view-mapping="*.seam" />

	<web:character-encoding-filter encoding="UTF-8"
		override-client="true" url-pattern="*.seam" />

	<web:multipart-filter disabled="true" />
</components>
