<?xml version="1.0"?>
<pages login-view-id="/login.xhtml" no-conversation-view-id="/login.xhtml"
	xmlns="http://jboss.com/products/seam/pages" xmlns:xsi="http://www.w3.org/2001/XMLSchema-instance"
	xsi:schemaLocation="http://jboss.com/products/seam/pages http://jboss.com/products/seam/pages-2.1.xsd">
	<page action="#{op.activationService.activate}" view-id="/activate.xhtml" />
	<page action="#{op.activationService.createPasswordInit}" view-id="/createPassword.xhtml" />
	<page login-required="true" view-id="/pages/admin/*">
		<restrict>#{s:hasRole('admin') or s:hasRole('operator')}</restrict>
	</page>
	<page login-required="true" view-id="/pages/commentator/*">
		<restrict>#{s:hasRole('admin') or s:hasRole('commentator')}</restrict>
	</page>
	<page view-id="*">
		<navigation>
			<rule if-outcome="login">
				<redirect view-id="/login.xhtml" />
			</rule>
			<rule if-outcome="help">
				<redirect view-id="/help.xhtml" />
			</rule>
			<rule if-outcome="activateConfirm">
				<redirect view-id="/activateConfirm.xhtml" />
			</rule>
			<rule if-outcome="registration">
				<redirect view-id="/registration.xhtml" />
			</rule>
			<rule if-outcome="registrationConfirm">
				<redirect view-id="/registrationConfirm.xhtml" />
			</rule>
			<rule if-outcome="password">
				<redirect view-id="/resetConfirm.xhtml" />
			</rule>
			<rule if-outcome="faq-loggedOut">
				<redirect view-id="/faq.xhtml" />
			</rule>
			<rule if-outcome="prices">
				<redirect view-id="/prices.xhtml" />
			</rule>
			<rule if-outcome="about">
				<redirect view-id="/about.xhtml" />
			</rule>
			<rule if-outcome="offert">
				<redirect view-id="/offert.xhtml" />
			</rule>
		</navigation>
	</page>
	<page login-required="true" view-id="/pages/*">
		<navigation>
			<rule if-outcome="wizard">
				<redirect view-id="/pages/wizard/wizardSimple.xhtml" /> <!-- wizard.xhtml - blokada dla rejestracji zawansowanej -->
			</rule>
			<rule if-outcome="wizardSimple">
				<redirect view-id="/pages/wizard/wizardSimple.xhtml" />
			</rule>
			<rule if-outcome="report">
				<redirect view-id="/pages/report/reportList.xhtml" />
			</rule>
			<rule if-outcome="userHome">
				<redirect view-id="/pages/user/userLoggedIn.xhtml" />
			</rule>
			<rule if-outcome="change_password">
				<redirect view-id="/pages/user/changePassword.xhtml" />
			</rule>
			<rule if-outcome="view_user">
				<redirect view-id="/pages/user/detailsView.xhtml" />
			</rule>
			<rule if-outcome="edit_user">
				<redirect view-id="/pages/user/editData.xhtml" />
			</rule>
			<rule if-outcome="edit_confirm">
				<redirect view-id="/pages/user/editConfirm.xhtml" />
			</rule>
			<rule if-outcome="comments">
				<redirect view-id="/pages/commentator/commentsList.xhtml" />
			</rule>
			<rule if-outcome="news">
				<redirect view-id="/pages/admin/newsList.xhtml" />
			</rule>
			<rule if-outcome="comment">
				<redirect view-id="/pages/commentator/comment.xhtml" />
			</rule>
			<rule if-outcome="listUsers">
				<redirect view-id="/pages/admin/usersList.xhtml" />
			</rule>
			<rule if-outcome="preferenceQuestionList">
				<redirect view-id="/pages/admin/preferenceQuestionList.xhtml" />
			</rule>
			<rule if-outcome="stereotype">
				<redirect view-id="/pages/admin/stereotype.xhtml" />
			</rule>
			<rule if-outcome="preferenceQuestion">
				<redirect view-id="/pages/admin/preferenceQuestion.xhtml" />
			</rule>
			<rule if-outcome="admin_user_add">
				<redirect view-id="/pages/admin/user.xhtml" />
			</rule>
			<rule if-outcome="admin_user_edit">
				<redirect view-id="/pages/admin/userEdit.xhtml" />
			</rule>
			<rule if-outcome="admin_user_detail">
				<redirect view-id="/pages/admin/userDetail.xhtml" />
			</rule>
			<rule if-outcome="dictionaries">
				<redirect view-id="/pages/admin/dictionary/dictionary.xhtml" />
			</rule>
			<rule if-outcome="areas">
				<redirect view-id="/pages/admin/dictionary/edit/areaEdit.xhtml" />
			</rule>
			<rule if-outcome="cities">
				<redirect view-id="/pages/admin/dictionary/edit/cityEdit.xhtml" />
			</rule>
                        <rule if-outcome="emails">
				<redirect view-id="/pages/admin/dictionary/edit/emailEdit.xhtml" />
			</rule>
			<rule if-outcome="streets">
				<redirect view-id="/pages/admin/dictionary/edit/streetEdit.xhtml" />
			</rule>
			<rule if-outcome="distributors">
				<redirect view-id="/pages/admin/dictionary/edit/distributorEdit.xhtml" />
			</rule>
			<rule if-outcome="salesmans">
				<redirect view-id="/pages/admin/dictionary/edit/salesmanEdit.xhtml" />
			</rule>
			<rule if-outcome="modelMeters">
				<redirect view-id="/pages/admin/dictionary/edit/modelMeterEdit.xhtml" />
			</rule>
			<rule if-outcome="tariffs">
				<redirect view-id="/pages/admin/dictionary/edit/tariffEdit.xhtml" />
			</rule>
			<rule if-outcome="devices">
				<redirect view-id="/pages/admin/dictionary/edit/deviceEdit.xhtml" />
			</rule>
			<rule if-outcome="deviceTypes">
				<redirect view-id="/pages/admin/dictionary/edit/deviceTypeEdit.xhtml" />
			</rule>
			<rule if-outcome="deviceCategories">
				<redirect view-id="/pages/admin/dictionary/edit/deviceCategoryEdit.xhtml" />
			</rule>
			<rule if-outcome="obis">
				<redirect view-id="/pages/admin/dictionary/edit/obisEdit.xhtml" />
			</rule>
			<rule if-outcome="priceComponent">
				<redirect view-id="/pages/admin/dictionary/edit/priceComponentEdit.xhtml" />
			</rule>
			<rule if-outcome="sector">
				<redirect view-id="/pages/admin/dictionary/edit/sectorEdit.xhtml" />
			</rule>
			<rule if-outcome="todo">
				<redirect view-id="/pages/admin/dictionary/edit/todoEdit.xhtml" />
			</rule>
			<rule if-outcome="mailBox">
				<redirect view-id="/pages/mail/mailBox.xhtml" />
			</rule>
                        <rule if-outcome="banerList">
				<redirect view-id="/pages/baner/banerList.xhtml" />
			</rule>
                        <rule if-outcome="dynamicTextEdit">
				<redirect view-id="/pages/baner/banerEdit.xhtml" />
			</rule>
			<rule if-outcome="settingsList">
				<redirect view-id="/pages/admin/settings/settingsList.xhtml" />
			</rule>
			<rule if-outcome="settings">
				<redirect view-id="/pages/admin/settings/settingsEdit.xhtml" />
			</rule>
			<rule if-outcome="points">
				<redirect view-id="/pages/points/points.xhtml" />
			</rule>
			<rule if-outcome="bonus">
				<redirect view-id="/pages/admin/bonus/bonus.xhtml" />
			</rule>
			<rule if-outcome="bills">
				<redirect view-id="/pages/bills/bills.xhtml" />
			</rule>
			<rule if-outcome="newsItem">
				<redirect view-id="/pages/admin/news.xhtml" />
			</rule>
			<rule if-outcome="streamList">
				<redirect view-id="/pages/stream/streamList.xhtml" />
			</rule>
			<rule if-outcome="customerList">
				<redirect view-id="/pages/customers/customerList.xhtml" />
			</rule>
			<rule if-outcome="customerDetails">
				<redirect view-id="/pages/log/customer/customerDetails.xhtml" />
			</rule>
			<rule if-outcome="customerEdit">
				<redirect view-id="/pages/log/customer/customerEdit.xhtml" />
			</rule>
			<rule if-outcome="customerAdminEdit">
				<redirect view-id="/pages/customers/customerAdminEdit.xhtml" />
			</rule>
			<rule if-outcome="customerCreate">
				<redirect view-id="/pages/customers/customerCreate.xhtml" />
			</rule>
			<rule if-outcome="customerPPEEdit">
				<redirect view-id="/pages/customers/customerPPEEdit.xhtml" />
			</rule>
			<rule if-outcome="logs">
				<redirect view-id="/pages/log/logs.xhtml" />
			</rule>
			<rule if-outcome="salesmanEdit">
				<redirect view-id="/pages/log/salesman/salesmanEdit.xhtml" />
			</rule>
			<rule if-outcome="salesmanDetails">
				<redirect view-id="/pages/log/salesman/salesmanDetails.xhtml" />
			</rule>
			<rule if-outcome="salesmanNew">
				<redirect view-id="/pages/log/salesman/salesmanNew.xhtml" />
			</rule>
			<rule if-outcome="auctions">
				<redirect view-id="/pages/auction/operator/auctions.xhtml" />
			</rule>
			<rule if-outcome="operatorAuctionEdit">
				<redirect view-id="/pages/auction/operator/auctionEdit.xhtml" />
			</rule>
			<rule if-outcome="operatorAuctions">
				<redirect view-id="/pages/auction/operator/auctions.xhtml" />
			</rule>
			<rule if-outcome="salesmanAuctions">
				<redirect view-id="/pages/auction/salesman/auctions.xhtml" />
			</rule>
			<rule if-outcome="userAuctions">
				<redirect view-id="/pages/auction/user/auctions.xhtml" />
			</rule>
                        <rule if-outcome="operatorAuctionDetails">
				<redirect view-id="/pages/auction/operator/auctionDtails.xhtml" />
			</rule>
			<rule if-outcome="userProfile">
				<redirect view-id="/pages/profile/user/profile.xhtml" />
			</rule>
			<rule if-outcome="salesmanProfile">
				<redirect view-id="/pages/profile/salesman/profile.xhtml" />
			</rule>
			<rule if-outcome="clouds">
				<redirect view-id="/pages/cloud/clouds.xhtml" />
			</rule>
			<rule if-outcome="cloudDetails">
				<redirect view-id="/pages/cloud/cloudDetails.xhtml" />
			</rule>
			<rule if-outcome="salesmanClouds">
				<redirect view-id="/pages/cloud/salesman/clouds.xhtml" />
			</rule>
			<rule if-outcome="salesmanCloudDetails">
				<redirect view-id="/pages/cloud/salesman/cloudDetails.xhtml" />
			</rule>
			<rule if-outcome="salesmanCloudProfability">
				<redirect view-id="/pages/cloud/salesman/cloudProfability.xhtml" />
			</rule>
			<rule if-outcome="cloudEdit">
				<redirect view-id="/pages/cloud/cloudEdit.xhtml" />
			</rule>
			<rule if-outcome="unavailable">
				<redirect view-id="/pages/unavailable.xhtml" />
			</rule>
			<rule if-outcome="createOffer">
				<redirect view-id="/pages/offer/offerCreate.xhtml" />
			</rule>
                        <rule if-outcome="createOfferMulti">
				<redirect view-id="/pages/offer/offerCreateMulti.xhtml" />
			</rule>
			<rule if-outcome="ppeDetails">
				<redirect view-id="/pages/log/ppe/ppeDetails.xhtml" />
			</rule>
			<rule if-outcome="ppeEdit">
				<redirect view-id="/pages/log/ppe/ppeEdit.xhtml" />
			</rule>
			<rule if-outcome="newsletterList">
				<redirect view-id="/pages/log/newsletter/newsletterList.xhtml" />
			</rule>
			<rule if-outcome="newsletterNew">
				<redirect view-id="/pages/log/newsletter/newsletterNew.xhtml" />
			</rule>
                        <rule if-outcome="mailingNew">
				<redirect view-id="/pages/log/mailing/mailingNew.xhtml" />
			</rule>
			<rule if-outcome="faq-loggedIn">
				<redirect view-id="/pages/faq/faqLoggedIn.xhtml" />
			</rule>
                        <rule if-outcome="loginAdmin">
				<redirect view-id="/pages/admin/loginAdmin.xhtml" />
			</rule>
			<rule if-outcome="faqEdit">
				<redirect view-id="/pages/admin/faq/faqEdit.xhtml" />
			</rule>
			<rule if-outcome="aboutLoggedIn">
				<redirect view-id="/pages/footer/aboutLoggedIn.xhtml" />
			</rule>
			<rule if-outcome="offertLoggedIn">
				<redirect view-id="/pages/footer/offertLoggedIn.xhtml" />
			</rule>
			<rule if-outcome="pricesLoggedIn">
				<redirect view-id="/pages/footer/pricesLoggedIn.xhtml" />
			</rule>
			<rule if-outcome="xmlImport">
				<redirect view-id="/pages/admin/xmlImport/xmlImport.xhtml" />
			</rule>
		</navigation>
		<navigation evaluate="#{true}" from-action="#{identity.logout}">
			<redirect view-id="/login.xhtml" />
		</navigation>
	</page>
	<page view-id="/help.xhtml">
		<rewrite pattern="/pomoc/{page}" />
		<rewrite pattern="/pomoc/" />
		<param name="page" value="#{op.helpBean.helpPageViewId}" />
	</page>
	<exception class="org.jboss.seam.security.AuthorizationException">
		<redirect view-id="/error.xhtml">
			<message severity="error">#{messages['org.jboss.seam.NoPermission']}</message>
		</redirect>
	</exception>
	<exception class="org.jboss.seam.security.NotLoggedInException">
		<redirect view-id="/login.xhtml">
			<message severity="warn">#{messages['org.jboss.seam.NotLoggedIn']}</message>
		</redirect>
	</exception>
	<exception class="javax.faces.application.ViewExpiredException">
		<redirect view-id="/login.xhtml">
			<message severity="warn">#{messages['org.jboss.seam.Expired']}</message>
		</redirect>
	</exception>
	<exception class="org.jboss.seam.ConcurrentRequestTimeoutException"
		log-level="trace">
		<http-error error-code="503" />
	</exception>
	<exception>
		<redirect view-id="/error.xhtml">
			<message severity="error">#{messages['unexpected.error']}</message>
		</redirect>
	</exception>
</pages>
