<?xml version="1.0" encoding="UTF-8"?>
<beans xmlns="http://www.springframework.org/schema/beans"
	xmlns:xsi="http://www.w3.org/2001/XMLSchema-instance" xmlns:p="http://www.springframework.org/schema/p"
	xmlns:context="http://www.springframework.org/schema/context"
	xmlns:jms="http://www.springframework.org/schema/jms" xmlns:amq="http://activemq.apache.org/schema/core"
	xsi:schemaLocation="http://www.springframework.org/schema/beans 
                           http://www.springframework.org/schema/beans/spring-beans.xsd
                           http://www.springframework.org/schema/context 
                           http://www.springframework.org/schema/context/spring-context.xsd
                           http://www.springframework.org/schema/jms 
                           http://www.springframework.org/schema/jms/spring-jms.xsd
                           http://activemq.apache.org/schema/core 
                           http://activemq.apache.org/schema/core/activemq-core.xsd">


	<bean id="mailSender" class="org.springframework.mail.javamail.JavaMailSenderImpl">
    	<property name="session" ref="mailSession"/>
    	<property name="defaultEncoding" value="UTF-8"/>
	</bean>

	<bean id="mailSession"
        class="org.springframework.jndi.JndiObjectFactoryBean">
        <property name="jndiName"><value>java:comp/env/op/mail/Session</value></property>
	</bean>

 	<bean id="templateMessage" class="org.springframework.mail.SimpleMailMessage"
          p:from="administrator@ogarniamprad.pl" />
        
        <bean id="templatMessageOperator" class="org.springframework.mail.SimpleMailMessage"
          p:from="operator@ogarniamprad.pl" p:to="operator@ogarniamprad.pl"/>

	<bean id="velocityEngine" class="org.springframework.ui.velocity.VelocityEngineFactoryBean">
      <property name="velocityProperties">
         <value>
          resource.loader=class
          class.resource.loader.class=org.apache.velocity.runtime.resource.loader.ClasspathResourceLoader
         </value>
      </property>
   	</bean>

	<bean id="applicationContextProvider" class="pl.op.web.common.ApplicationContextProvider"></bean>
        
        
      
        

</beans>
                    