<?xml version="1.0"?>
<eventsOp>
	<eventOp>
		<codeName>bonus</codeName>
		<name>Nagroda</name>
		<description></description>
	</eventOp>
	<eventOp>
		<codeName>login</codeName>
		<name>Logowanie</name>
		<description></description>
	</eventOp>
	<eventOp>
		<codeName>logout</codeName>
		<name>Wylogowanie</name>
		<description></description>
	</eventOp>
	<eventOp>
		<codeName>validRegister</codeName>
		<name>Wypełnienie pól w rejestracji</name>
		<description></description>
	</eventOp>
	<eventOp>
		<codeName>fieldLoginRegister</codeName>
		<name>Rejestracja - wypełnienie pola: login (e-mail)</name>
		<description></description>
	</eventOp>
	<eventOp>
		<codeName>fieldFirstNameRegister</codeName>
		<name>Rejestracja - wypełnienie pola: imię</name>
		<description></description>
	</eventOp>
	<eventOp>
		<codeName>fieldSurnameRegister</codeName>
		<name>Rejestracja - wypełnienie pola: nazwisko</name>
		<description></description>
	</eventOp>
	<eventOp>
		<codeName>fieldPasswordRegister</codeName>
		<name>Rejestracja - wypełnienie pola: hasło</name>
		<description></description>
	</eventOp>
	<eventOp>
		<codeName>fieldBirthDateRegister</codeName>
		<name>Rejestracja - wypełnienie pola: data urodzenia</name>
		<description></description>
	</eventOp>
	<eventOp>
		<codeName>fieldPeselRegister</codeName>
		<name>Rejestracja - wypełnienie pola: pesel</name>
		<description></description>
	</eventOp>
	<eventOp>
		<codeName>fieldPhoneRegister</codeName>
		<name>Rejestracja - wypełnienie pola: telefon</name>
		<description></description>
	</eventOp>
	<eventOp>
		<codeName>fieldCompanyNameRegister</codeName>
		<name>Rejestracja - wypełnienie pola: nazwa firmy</name>
		<description></description>
	</eventOp>
	<eventOp>
		<codeName>fieldRegonRegister</codeName>
		<name>Rejestracja - wypełnienie pola: regon</name>
		<description></description>
	</eventOp>
	<eventOp>
		<codeName>fieldNipRegister</codeName>
		<name>Rejestracja - wypełnienie pola: nip</name>
		<description></description>
	</eventOp>
	<eventOp>
		<codeName>fieldKrsRegister</codeName>
		<name>Rejestracja - wypełnienie pola: krs</name>
		<description></description>
	</eventOp>
	<eventOp>
		<codeName>fieldPpeRegister</codeName>
		<name>Rejestracja - wypełnienie pola: ppe</name>
		<description></description>
	</eventOp>
	<eventOp>
		<codeName>endRegister</codeName>
		<name>Zakończenie rejestracji</name>
		<description></description>
	</eventOp>
	<eventOp>
		<codeName>offerAuction</codeName>
		<name>Uczestnictwo w aukcji</name>
		<description></description>
	</eventOp>
	<eventOp>
		<codeName>winAuction</codeName>
		<name>Wygrana aukcja</name>
		<description></description>
	</eventOp>
	<eventOp>
		<codeName>calcProfitability</codeName>
		<name>Przeliczenie opłacalności</name>
		<description></description>
	</eventOp>
	<eventOp>
		<codeName>goPremium</codeName>
		<name>Przejście na premium</name>
		<description></description>
	</eventOp>
	<eventOp>
		<codeName>addInvoice</codeName>
		<name>Dodanie faktury</name>
		<description></description>
	</eventOp>
	<eventOp>
		<codeName>addMeasure</codeName>
		<name>Dodanie odczytu do faktury</name>
		<description></description>
	</eventOp>
	<eventOp>
		<codeName>refererLink</codeName>
		<name>Link referencyjny</name>
		<description></description>
	</eventOp>
	<eventOp>
		<codeName>juniorRegister</codeName>
		<name>Za założenie konta junior</name>
		<description></description>
	</eventOp>
	<eventOp>
		<codeName>juniorReferer</codeName>
		<name>Rejestraca za pośrednictwem konta junior</name>
		<description></description>
	</eventOp>
	<eventOp>
		<codeName>signingContract</codeName>
		<name>Za podpisanie umowy z sprzedawcą</name>
		<description></description>
	</eventOp>
	<eventOp>
		<codeName>activity</codeName>
		<name>Aktywność na stronie</name>
		<description></description>
	</eventOp>
	<eventOp>
		<codeName>ratingAuction</codeName>
		<name>Ocena zakończonej aukcji</name>
		<description></description>
	</eventOp>
	<eventOp>
		<codeName>commentAuction</codeName>
		<name>Komentarz w zakończonej aukcji</name>
		<description></description>
	</eventOp>
	<eventOp>
		<codeName>payBack</codeName>
		<name>Za wymianę punktów</name>
		<description></description>
	</eventOp>
	<eventOp>
		<codeName>powerAttorney</codeName>
		<name>Udzielenie pełnomocnictwa</name>
		<description></description>
	</eventOp>
	<eventOp>
		<codeName>enterBlog</codeName>
		<name>Wejście na bloga</name>
		<description></description>
	</eventOp>
	<eventOp>
		<codeName>enterAuction</codeName>
		<name>Wejście na aukcję</name>
		<description></description>
	</eventOp>
	<eventOp>
		<codeName>enterPoints</codeName>
		<name>Wejście na punkty</name>
		<description></description>
	</eventOp>
	<eventOp>
		<codeName>enterBills</codeName>
		<name>Wejście w rachunki</name>
		<description></description>
	</eventOp>
	<eventOp>
		<codeName>enterProfil</codeName>
		<name>Wejście w profil</name>
		<description></description>
	</eventOp>
	<eventOp>
		<codeName>enterHelp</codeName>
		<name>Wejście w pomoc</name>
		<description></description>
	</eventOp>
	<eventOp>
		<codeName>comment</codeName>
		<name>Komentarz</name>
		<description></description>
	</eventOp>
	<eventOp>
		<codeName>calculatorTariff</codeName>
		<name>Skorzystanie z kalkulatora taryf</name>
		<description></description>
	</eventOp>
	<eventOp>
		<codeName>simulateTariff</codeName>
		<name>Skorzystanie z symulatora taryf</name>
		<description></description>
	</eventOp>
	<eventOp>
		<codeName>joinAuction</codeName>
		<name>Dołączenie do aukcji</name>
		<description></description>
	</eventOp>
	<eventOp>
		<codeName>createAuction</codeName>
		<name>Stworzenie aukcji</name>
		<description></description>
	</eventOp>
	<eventOp>
		<codeName>createCloud</codeName>
		<name>Stworzenie chmury</name>
		<description></description>
	</eventOp>
</eventsOp>